<?xml version="1.0" encoding="utf-8"?><TEI xmlns="http://www.tei-c.org/ns/1.0" xmlns:xsi="http://www.w3.org/2001/XMLSchema-instance" xsi:schemaLocation="http://www.tei-c.org/ns/1.0 http://www.dlib.indiana.edu/lib/xml/vwwp/vwwp.xsd" xml:id="VAB7117">
    <teiHeader>
        <fileDesc>
            <titleStmt>
                <title>Nine Poems</title>
                <author>Clive, Caroline Wigley (1801-1873)</author>
                <respStmt>
                    <resp>Transcribed and encoded by</resp>
                    <name>Felix Jung</name>
                </respStmt>
                <respStmt>
                    <resp>Edited by </resp>
                    <name>Perry Willett</name>
                </respStmt>
                <respStmt xml:id="bn">
                    <resp>E-text Editor</resp>
                    <name>Brian Norberg</name>
                </respStmt>
                <respStmt>
                    <resp>Corrected By</resp>
                    <name xml:id="elizabethmunson">Elizabeth Munson</name>
                </respStmt>
            </titleStmt>
            <extent>TEI formatted filesize uncompressed: approx. 58 kbytes</extent>
            <publicationStmt>
                <publisher>Digital Library Program, Indiana University</publisher>
                <pubPlace>Bloomington, IN</pubPlace>
                <date>May 21, 1996</date>
                <idno>VAB7117</idno>
                <availability status="unknown">
                    <p>© 2009, The Trustees of Indiana University. Indiana University makes a claim
                        of copyright only to original contributions made by the Victorian Women
                        Writers Project participants and other members of the university community.
                        Indiana University makes no claim of copyright to the original text.
                        Permission is granted to download, transmit or otherwise reproduce,
                        distribute or display the contributions to this work claimed by Indiana
                        University for non-profit educational purposes, provided that this header is
                        included in its entirety. For inquiries about commercial uses, please
                        contact:
                        <address><addrLine>Digital Library Program</addrLine><addrLine>Main Library</addrLine><addrLine>Indiana University</addrLine><addrLine>Bloomington, IN 47405</addrLine><addrLine>United States of America</addrLine><addrLine>EMail: diglib@indiana.edu</addrLine></address></p>
                </availability>
            </publicationStmt>
            <seriesStmt>
                <title>Victorian Women Writers Project: an Electronic Collection</title>
                <respStmt>
                    <name>Perry Willett, </name>
                    <resp>General Editor.</resp>
                </respStmt>
            </seriesStmt>
            <notesStmt>
                <note>The copy transcribed is from the University of Wisconsin, Madison.</note>
            </notesStmt>
            <sourceDesc>
                <biblFull>
                    <titleStmt>
                        <title>IX Poems</title>
                        <author>Clive, Caroline, 1801-1873</author>
                        <respStmt>
                            <resp>by </resp>
                            <name>Caroline Clive</name>
                        </respStmt>
                    </titleStmt>
                    <extent>62 p.</extent>
                    <publicationStmt>
                        <publisher>Saunders and Otley</publisher>
                        <pubPlace>London </pubPlace>
                        <date when="1841">1841</date>
                    </publicationStmt>
                </biblFull>
            </sourceDesc>
        </fileDesc>
        <encodingDesc>
            <editorialDecl><p><note n="false" xml:id="noPageImages">Page images not available for this text.</note></p>
                <p>All poems occur as DIV0. Sonnets are attributed as "type=sonnets"; the rest are
                    "type=poem". All quotation marks, hyphens, dashes, apostrophes and colons have
                    been transcribed as entity references. All &lt;lg&gt; (line groups) are
                    attributed as cantos, stanzas, couplets, verse paragraphs, etc. All poems with
                    regularly indented lines use the attribute "rend" in the &lt;l&gt; tag,
                    with the value "indent1" for one tab stop, "indent2" for two tab stops, etc. All
                    split lines are attributed as "type=i" for the initial portion, and "type=f" for
                    the final portion.</p>
                <p>All apostrophes and single right quotation marks are encoded as
                    &amp;rsquo;.</p>
                <p>Any hyphens occurring in line breaks have been removed; all hyphens are encoded
                    as &amp;hyphen; and em dashes as &amp;mdash;.</p>
            </editorialDecl>
            <tagsDecl>
                <namespace name="http://www.tei-c.org/ns/1.0">
                    <tagUsage gi="address" occurs="1"/>
                    <tagUsage gi="addrline" occurs="6"/>
                    <tagUsage gi="author" occurs="1"/>
                    <tagUsage gi="availability" occurs="1"/>
                    <tagUsage gi="bibl" occurs="2"/>
                    <tagUsage gi="biblfull" occurs="1"/>
                    <tagUsage gi="body" occurs="1"/>
                    <tagUsage gi="byline" occurs="1"/>
                    <tagUsage gi="change" occurs="3"/>
                    <tagUsage gi="cit" occurs="1"/>
                    <tagUsage gi="closer" occurs="3"/>
                    <tagUsage gi="corr" occurs="1"/>
                    <tagUsage gi="date" occurs="7"/>
                    <tagUsage gi="dateline" occurs="2"/>
                    <tagUsage gi="div" occurs="2"/>
                    <tagUsage gi="div0" occurs="18"/>
                    <tagUsage gi="docauthor" occurs="1"/>
                    <tagUsage gi="docdate" occurs="1"/>
                    <tagUsage gi="docedition" occurs="1"/>
                    <tagUsage gi="docimprint" occurs="1"/>
                    <tagUsage gi="doctitle" occurs="1"/>
                    <tagUsage gi="editorialdecl" occurs="1"/>
                    <tagUsage gi="emph" occurs="5"/>
                    <tagUsage gi="encodingdesc" occurs="1"/>
                    <tagUsage gi="extent" occurs="2"/>
                    <tagUsage gi="figure" occurs="1"/>
                    <tagUsage gi="filedesc" occurs="1"/>
                    <tagUsage gi="foreign" occurs="1"/>
                    <tagUsage gi="front" occurs="1"/>
                    <tagUsage gi="head" occurs="22"/>
                    <tagUsage gi="hi" occurs="18"/>
                    <tagUsage gi="item" occurs="3"/>
                    <tagUsage gi="l" occurs="806"/>
                    <tagUsage gi="language" occurs="1"/>
                    <tagUsage gi="langusage" occurs="1"/>
                    <tagUsage gi="lg" occurs="128"/>
                    <tagUsage gi="name" occurs="7"/>
                    <tagUsage gi="note" occurs="2"/>
                    <tagUsage gi="p" occurs="6"/>
                    <tagUsage gi="pb" occurs="61"/>
                    <tagUsage gi="profiledesc" occurs="1"/>
                    <tagUsage gi="publicationstmt" occurs="2"/>
                    <tagUsage gi="publisher" occurs="3"/>
                    <tagUsage gi="pubplace" occurs="3"/>
                    <tagUsage gi="q" occurs="1"/>
                    <tagUsage gi="ref" occurs="2"/>
                    <tagUsage gi="resp" occurs="7"/>
                    <tagUsage gi="respstmt" occurs="7"/>
                    <tagUsage gi="revisiondesc" occurs="1"/>
                    <tagUsage gi="seriesstmt" occurs="1"/>
                    <tagUsage gi="sourcedesc" occurs="1"/>
                    <tagUsage gi="tagsdecl" occurs="1"/>
                    <tagUsage gi="tagusage" occurs="61"/>
                    <tagUsage gi="tei.2" occurs="1"/>
                    <tagUsage gi="teiheader" occurs="1"/>
                    <tagUsage gi="text" occurs="1"/>
                    <tagUsage gi="title" occurs="3"/>
                    <tagUsage gi="titlepage" occurs="1"/>
                    <tagUsage gi="titlepart" occurs="1"/>
                    <tagUsage gi="titlestmt" occurs="2"/>
                    <tagUsage gi="trailer" occurs="1"/>
                </namespace>
            </tagsDecl>
            <classDecl>
                <taxonomy xml:id="lcsh">
                    <bibl>
                        <title>Library of Congress Subject Headings</title>
                        <ptr target="http://authorities.loc.gov/"/>
                        <note>
                            <p>Library of Congress Subject Headings originate from the source MARC
                                record for the monograph when available.</p>
                        </note>
                    </bibl>
                </taxonomy>
                <taxonomy xml:id="mla">
                    <bibl>
                        <title>Modern Language Association Thesaurus</title>
                        <ptr target="http://www.mla.org/publications/bibliography/howtouse_mlabiblio/howtosearchmlabiblio#mla" type="source"/>
                        <ptr target="http://dlib.indiana.edu/vocabulary/modernlangassocgenre/" type="webservice"/>
                        <note><p> The MLA Bibliography staff has created a thesaurus of over 50,000 terms and 200,000
                            names to ensure consistency in the terms and names assigned during indexing. The VWWP
                            project will utilize a subset of the MLA Thesaurus to assign genre headings to the VWWP
                            texts. </p></note>
                    </bibl>
                </taxonomy>
            </classDecl>
        </encodingDesc>
        <profileDesc>
            <langUsage>
                <language ident="grc">Classical Greek</language>
            </langUsage>
            <textClass>
            <keywords scheme="#mla">
                <list>
                    <item><term ref="http://terminology.dlib.indiana.edu/vwwpgenre/poetry">poetry</term></item>
                </list>
            </keywords>
            </textClass>
        </profileDesc>
        <revisionDesc>
            <change><date>1996-04-20</date><label>editor.</label><name>Felix Jung, </name>finished
                data entry, basic encoding and proofing.</change>
            <change><date>1996-04-21</date><label>general editor.</label><name>Perry Willett,
                </name>finished TEI‐conformant encoding and final proofing.</change>
            <change><date>1996-10-19</date><label>general editor.</label><name>Perry Willett,
                </name>fixed entity references to be SDATA</change>
            <change><date>2005-02-06</date><label>Programmer</label><name>Mark Millard,
                </name>Converted from SGML to TEI-XML</change>
            <change when="2009-05-10" who="#bn">Coverted from P4 to P5</change>
            <change when="2009-10-27" who="#bn">Normalized id scheme and encoding</change>
            <change when="2010-08-02" who="elizabethmunson">Removed date and "a machine
            readable transcription" from fileDesc title</change>
            <change when="2010-08-02" who="elizabethmunson">Added LCNAF form of author name to sourceDesc (hyphen 
            adjusted for both sourceDesc and fileDesc)</change>
            <change when="2010-08-03" who="elizabethmunson">Changed sourceDesc author name to match the majority of texts by 
                this author</change>
            <change when="2010-08-02" who="elizabethmunson">Normalized date in biblFull/publicationStmt</change>
            <change when="2010-09-01" who="elizabethmunson">Added genre term</change>
        </revisionDesc>
    </teiHeader>
    <text>
        <front>
            <pb xml:id="VAB7117-001"/>
            <titlePage>
                <docTitle>
                    <titlePart type="main">IX POEMS</titlePart>
                </docTitle>
                <byline>BY <docAuthor>V.</docAuthor></byline>
                <docEdition>Second Edition With Some Additions.</docEdition>
                <docImprint>
                    <pubPlace>London </pubPlace>
                    <publisher>Saunders and Otley, Conduit Street.</publisher>
                </docImprint>
                <docDate>1841.</docDate>
            </titlePage>
        </front>
        <body>
            <pb n="5" xml:id="VAB7117-002"/>
            <div type="poem">
                <head>STARLIGHT.</head>
                <l><hi>DARKLING</hi> methinks the path of life is grown,</l>
                <l rend="ti-1">And Solitude and Sorrow close around;</l>
                <l>My fellow‐travellers one by one are gone,</l>
                <l rend="ti-1">Their home is reach’d, but mine must still be found.</l>
                <l>The sun that set as the last bow’d his head,</l>
                <l rend="ti-1">To cross the threshold of his resting place,</l>
                <l>Has left the world devoid of all that made</l>
                <l rend="ti-1">Its business, pleasure, happiness, and grace.</l>
                <pb n="6" xml:id="VAB7117-003"/>
                <l>But I have still the desert path to trace;</l>
                <l rend="ti-1">Nor with the day has my day’s work an end;</l>
                <l>And winds and shadows through the cold air chase,</l>
                <l rend="ti-1">And earth looks dark where walk’d we friend with friend.</l>
                <l>And yet thus wilder’d, not without a guide,</l>
                <l rend="ti-1">I wander on amid the shades of night;</l>
                <l>My home‐fires gleam, methinks, and round them glide</l>
                <l rend="ti-1">My friends at peace, far off, but still in sight;</l>
                <l>For through the closing gloom, mine eyesight goes</l>
                <l rend="ti-1">Further in heav’n than when the day was bright;</l>
                <l>And there as Earth still dark and darker grows,</l>
                <l rend="ti-1">Shines out for every shade a world of light.</l>
                <closer>
                    <dateline>
                        <date>1828.</date>
                    </dateline>
                </closer>
            </div>
            <pb n="7" xml:id="VAB7117-004"/>
            <div type="poem">
                <head>AT LLYNCMSTRAETHY.</head>
                <lg type="verse_paragraph">
                    <l><hi>AS</hi> one whose country his distraught with war,</l>
                    <l rend="ti-1">Where each must guard his own with watchful hand,</l>
                    <l>Roams at the evening hour along the shore,</l>
                    <l rend="ti-1">And fain would seek beyond a calmer land;</l>
                </lg>
                <lg type="verse_paragraph">
                    <l>So I, perplexed, on life’s tumultuous way,</l>
                    <l rend="ti-1">Where evil powers too oft my soul enslave,</l>
                    <l>Along thy ocean, Death, all pensive stray,</l>
                    <l rend="ti-1">And think of shores thy further billows lave.</l>
                </lg>
                <lg type="verse_paragraph">
                    <l>And glad were I to hear the boatman’s cry,</l>
                    <l rend="ti-1">Which to his shadowy bark my steps should call,</l>
                    <l>To woe and weakness heave my latest sigh,</l>
                    <l rend="ti-1">And cease to combat where so oft I fall.</l>
                </lg>
                <pb n="8" xml:id="VAB7117-005"/>
                <lg type="verse_paragraph">
                    <l>Or happier, when some victory cheer’d my breast,</l>
                    <l rend="ti-1">That hour to quit the anxious field would choose;</l>
                    <l>And seek th’ eternal seal on virtue’s rest,</l>
                    <l rend="ti-1">Oft won, oft lost, and oh, too dear to lose!</l>
                </lg>
            </div>
            <pb n="9" xml:id="VAB7117-006"/>
            <div type="poem">
                <head>THE GRAVE.</head>
                <lg type="verse_paragraph">
                    <l><hi>I STOOD</hi> within the grave’s o’ershadowing vault;</l>
                    <l rend="ti-1">Gloomy and damp it stretch’d its vast domain;</l>
                    <l>Shades were its boundary; for my strained eye sought</l>
                    <l rend="ti-1">For other limit to its width in vain.</l>
                </lg>
                <lg type="verse_paragraph">
                    <l>Faint from the entrance came a daylight ray,</l>
                    <l rend="ti-1">And distant sound of living men and things;</l>
                    <l>This, in th’ encountering darkness pass’d away,</l>
                    <l rend="ti-1">That, took the tone in which a mourner sings.</l>
                </lg>
                <lg type="verse_paragraph">
                    <l>I lit a torch at a sepulchral lamp,</l>
                    <l rend="ti-1">Which shot a thread of light amid the gloom;</l>
                    <l>And feebly burning ’gainst the rolling damp,</l>
                    <l rend="ti-1">I bore it through the regions of the tomb.</l>
                </lg>
                <pb n="10" xml:id="VAB7117-007"/>
                <lg type="verse_paragraph">
                    <l>Around me stretch’d the slumbers of the dead,</l>
                    <l rend="ti-1">Whereof the silence ach’d upon mine ear;</l>
                    <l>More and more noiseless did I make my tread,</l>
                    <l rend="ti-1">And yet its echoes chill’d my heart with fear.</l>
                </lg>
                <lg type="verse_paragraph">
                    <l>The former men of every age and place,</l>
                    <l rend="ti-1">From all their wand’rings gather’d, round me lay;</l>
                    <l>The dust of wither’d Empires did I trace,</l>
                    <l rend="ti-1">And stood ’mid Generations pass’d away.</l>
                </lg>
                <lg type="verse_paragraph">
                    <l>I saw whole cities, that in flood or fire,</l>
                    <l rend="ti-1">Or famine or the plague, gave up their breath;</l>
                    <l>Whole armies whom a day beheld expire,</l>
                    <l rend="ti-1">Swept by ten thousands to the arms of Death.</l>
                </lg>
                <lg type="verse_paragraph">
                    <l>I saw the old world’s white and wave‐swept bones,</l>
                    <l rend="ti-1">A giant heap of creatures that had been;</l>
                    <l>Far and confus’d the broken skeletons</l>
                    <l rend="ti-1">Lay strewn beyond mine eye’s remotest ken.</l>
                </lg>
                <pb n="11" xml:id="VAB7117-008"/>
                <lg type="verse_paragraph">
                    <l>Death’s various shrines—The Urn, the Stone, the Lamp—</l>
                    <l rend="ti-1">Were scatter’d round, confus’d, amid the dead;</l>
                    <l>Symbols and Types were mould’ring in the damp,</l>
                    <l rend="ti-1">Their shapes were waning and their meaning fled.</l>
                </lg>
                <lg type="verse_paragraph">
                    <l>Unspoken tongues, perchance in praise or woe,</l>
                    <l rend="ti-1">Were character’d on tablets Time had swept;</l>
                    <l>And deep were half their letters hid below</l>
                    <l rend="ti-1">The thick small dust of those they once had wept.</l>
                </lg>
                <lg type="verse_paragraph">
                    <l>No hand was here to wipe the dust away;</l>
                    <l rend="ti-1">No reader of the writing trac’d beneath;</l>
                    <l>No spirit sitting by its form of clay;</l>
                    <l rend="ti-1">No sigh nor sound from all the heaps of Death.</l>
                </lg>
                <lg type="verse_paragraph">
                    <l>One place alone had ceas’d to hold its prey;</l>
                    <l rend="ti-1">A form had press’d it and was there no more;</l>
                    <l>The garments of the Grave beside it lay,</l>
                    <l rend="ti-1">Where once they wrapp’d him on the rocky floor.</l>
                </lg>
                <pb n="12" xml:id="VAB7117-009"/>
                <lg type="verse_paragraph">
                    <l>He only with returning footsteps broke</l>
                    <l rend="ti-1">Th’ eternal calm wherewith the Tomb was bound;</l>
                    <l>Among the sleeping Dead alone He woke,</l>
                    <l rend="ti-1">And bless’d with outstretch’d hands the host around.</l>
                </lg>
                <lg type="verse_paragraph">
                    <l>Well is it that such blessing hovers here,</l>
                    <l rend="ti-1">To soothe each sad survivor of the throng,</l>
                    <l>Who haunt the portals of the solemn sphere,</l>
                    <l rend="ti-1">And pour their woe the loaded air along.</l>
                </lg>
                <lg type="verse_paragraph">
                    <l>They to the verge have follow’d what they love,</l>
                    <l rend="ti-1">And on th’ insuperable threshold stand;</l>
                    <l>With cherish’d names its speechless calm reprove,</l>
                    <l rend="ti-1">And stretch in the abyss their ungrasp’d hand.</l>
                </lg>
                <lg type="verse_paragraph">
                    <l>But vainly there they seek their soul’s relief,</l>
                    <l rend="ti-1">And of th’ obdurate Grave, its prey implore;</l>
                    <l>Till Death himself shall medicine their grief,</l>
                    <l rend="ti-1">Closing their eyes by those they wept before.</l>
                </lg>
                <pb n="13" xml:id="VAB7117-010"/>
                <lg type="verse_paragraph">
                    <l>All that have died, the Earth’s whole race, repose,</l>
                    <l rend="ti-1">Where Death collects his Treasures, heap on heap;</l>
                    <l>O’er each one’s busy day, the nightshades close;</l>
                    <l rend="ti-1">Its Actors, Sufferers, Schools, Kings, Armies— sleep.</l>
                </lg>
            </div>
            <pb n="14" xml:id="VAB7117-011"/>
            <div type="poem">
                <head>YOUTH TOOK ONE SUMMER DAY HIS LYRE.</head>
                <lg type="verse_paragraph">
                    <l><hi>YOUTH</hi> took one summer day his lyre,</l>
                    <l>And idly struck each golden wire;</l>
                    <l>Just as fancy bade him play</l>
                    <l>Rose and sank the flowing lay;</l>
                    <l>Time and place he car’d not for,</l>
                    <l>Yet his wand’ring hand had more</l>
                    <l>That music of her votary asks</l>
                    <l>That the student’s gravest tasks.</l>
                    <l>Sweet notes came out, and hung around</l>
                    <l>Like a cloud of precious sound;</l>
                    <l>Blending frolic tones, whose mirth</l>
                    <l>Seem’d all that there is gay on earth,</l>
                    <pb n="15" xml:id="VAB7117-012"/>
                    <l>With some which e’en the heart would melt</l>
                    <l>Of those who fear’d, or lov’d, or felt.</l>
                </lg>
                <lg type="verse_paragraph">
                    <l>While thus he play’d, a form pass’d by,</l>
                    <l>With aiding staff and calm cold eye;</l>
                    <l>And stopp’d to hear his fingers bring</l>
                    <l>Such music from his careless string.</l>
                    <l>“Grey Age,” cried Youth, and smil’d, and staid</l>
                    <l>The hand that on the lyre was laid;</l>
                    <l>“Delayest thou to hear one twine</l>
                    <l>Such an idle tune as mine?”</l>
                    <l>“Aye, fair Youth,” replied the Sage;</l>
                    <l rend="ti-1">“Many a fond ear there may be;</l>
                    <l>But be sure there’s none like Age,</l>
                    <l rend="ti-1">“Kind, and fond, and friend to thee.”</l>
                    <l>“Nay, dost thou say so?” Youth replied:</l>
                    <l>“Then shall a worthier strain be tried;</l>
                    <l>I'll give my wandering notes a rule,</l>
                    <l rend="ti-1">And tame my idle melody;</l>
                    <pb n="16" xml:id="VAB7117-013"/>
                    <l>My musings what grave theme shall school?</l>
                    <l rend="ti-1">Kind, grey Age, I’ll sing of thee.”</l>
                    <l>He changed his key; a graver one,</l>
                    <l>A slower time was now begun</l>
                    <l>Yet ever through the measure press’d</l>
                    <l>The accents of his frolic breast;</l>
                    <l>And though the theme was Age, in sooth,</l>
                    <l>The singer and the song were Youth.</l>
                    <l>“Thou anchorest in the port of life,</l>
                    <l rend="ti-1">The storm is brav’d, the sea behind;</l>
                    <l>And rescued from its oft‐prov’d strife,</l>
                    <l rend="ti-1">Listenest the raging of the wind.</l>
                    <l>I have loos’d my summer bark;</l>
                    <l rend="ti-1">Sky, and sea, and earth look fair;</l>
                    <l>And yet they say ’twill all be dark,</l>
                    <l rend="ti-1">Before I too am anchor’d there.</l>
                    <l>Is it so? Within my breast</l>
                    <l rend="ti-1">There’s such a flood and pulse of glee,</l>
                    <l>That let Misfortune do her best,</l>
                    <l rend="ti-1">Methinks there must be Joy for me.</l>
                </lg>
                <pb n="17" xml:id="VAB7117-014"/>
                <lg type="verse_paragraph">
                    <l>But thou through Joy and Grief hast mov’d,—</l>
                    <l>What I am proving thou hast prov’d.</l>
                    <l>Hope says to me, the Storms that lower</l>
                    <l>Will break before my bright Sun’s power;</l>
                    <l>Or if I dread to meet the gloom,</l>
                    <l>She tells me it will never come.</l>
                    <l><emph>Thou</emph> needest not Hope’s guiding eye,</l>
                    <l rend="ti-1">For come what will thy strength is ready:</l>
                    <l>My spread sail trusts the summer sky,</l>
                    <l rend="ti-1">But thine is furl’d, thy anchor steady.</l>
                    <l>Oh Age! thou hast forgot how sweet</l>
                    <l rend="ti-1">’Tis to believe all things are true;</l>
                    <l>To think each wish its aim will meet,</l>
                    <l rend="ti-1">And midday keep morn’s lovely hue.</l>
                    <l>Yet know I, thou wouldst not resume,</l>
                    <l>E’en if thou couldst, that feeling’s bloom.</l>
                    <l>No, Age, again thou wouldst not be</l>
                    <l>A light and idle thing, like me.</l>
                    <l>Full many a deep enjoyment cheers</l>
                    <l>The gather’d number of thy years;</l>
                    <pb n="18" xml:id="VAB7117-015"/>
                    <l>Good deeds around thee shed a light,</l>
                    <l>And spirit strengthen’d in the fight;</l>
                    <l>And calm wide views of things that seem</l>
                    <l>To me like some mysterious dream.</l>
                    <l>Then, too, thy lighted hearth around,</l>
                    <l>Are steady friends prov’d ties bound;</l>
                    <l>And all that love thee now must be</l>
                    <l>Still loved through wide eternity.</l>
                    <l>But oh! there’s many a broken tie</l>
                    <l rend="ti-1">Will mark my oft‐united way;</l>
                    <l>I see full many a changing eye,</l>
                    <l rend="ti-1">And I—I love as light as they.</l>
                </lg>
                <lg type="verse_paragraph">
                    <l>“But Age! <emph>he</emph> speaks no truth who says</l>
                    <l>That mine are all life’s sunny rays;</l>
                    <l>Thou its high mountains steep upon,</l>
                    <l>Above the clime of flowers art gone,</l>
                    <l>Yet day‐beams gild that head of thine,</l>
                    <l>That reach not these brown locks of mine;</l>
                    <pb n="19" xml:id="VAB7117-016"/>
                    <l>Beams of another day, that lie</l>
                    <l rend="ti-1">For me beyond full many a sorrow;</l>
                    <l>While thou above them, stand’st on high,</l>
                    <l rend="ti-1">Beholding now the kindling morrow.</l>
                    <l>Ah! tell me of that new‐born light,</l>
                    <l rend="ti-1">Those purer scenes that round thee rise;</l>
                    <l>And how, if Grief must cloud delight,</l>
                    <l rend="ti-1">To make it lead me to the skies.</l>
                    <l>And I will breathe upon thine ear</l>
                    <l rend="ti-1">Tones of the wild unburthen’d glee,</l>
                    <l>Which thou wilt love e’en yet to hear,</l>
                    <l rend="ti-1">For once such tones belong’d to thee;</l>
                    <l>Yes, Age—the life of each we’ll make</l>
                    <l rend="ti-1">The sweeter in that both partake.”</l>
                </lg>
            </div>
            <pb n="20" xml:id="VAB7117-017"/>
            <div type="poem">
                <head>WRITTEN IN ILLNESS.</head>
                <lg type="verse_paragraph">
                    <l><hi>MY</hi> bark floats on the sea of death,</l>
                    <l rend="ti-1">Of deepening waves the sport;</l>
                    <l>And dull disease, with heavy breath,</l>
                    <l rend="ti-1">Impels me from the port.</l>
                </lg>
                <lg type="verse_paragraph">
                    <l>Wide and unknown, the ocean surge</l>
                    <l rend="ti-1">Outstretches to my ken;</l>
                    <l>Oh! when I reach yon cloudy verge,</l>
                    <l rend="ti-1">What sights will meet me then?</l>
                </lg>
                <lg type="verse_paragraph">
                    <l>Thee, native wood, full well I know;</l>
                    <l rend="ti-1">And as thy shores recede,</l>
                    <l>Mine eyes still wander from the prow,</l>
                    <l rend="ti-1">Thy well‐known forms to read.</l>
                </lg>
                <pb n="21" xml:id="VAB7117-018"/>
                <lg type="verse_paragraph">
                    <l>There shines the light that first I knew,</l>
                    <l rend="ti-1">The scenes that light displayed;</l>
                    <l>From which my soul the feelings drew,</l>
                    <l rend="ti-1">Whereof itself was made.</l>
                </lg>
                <lg type="verse_paragraph">
                    <l>There lie the shapes of joys and ills,</l>
                    <l rend="ti-1">Which mov’d erewhile my mind;</l>
                    <l>Like storms and suns upon the hills</l>
                    <l rend="ti-1">The traveller leaves behind.</l>
                </lg>
                <lg type="verse_paragraph">
                    <l>But still receding, wafted on,</l>
                    <l rend="ti-1">All indistinct they grow;</l>
                    <l>The busy crowd that moves thereon</l>
                    <l rend="ti-1">To me is silent now.</l>
                </lg>
                <lg type="verse_paragraph">
                    <l>Its glittering ray mine eye escapes,</l>
                    <l rend="ti-1">The mists are round me furl’d;</l>
                    <l>Farewell, farewell, ye human shapes!</l>
                    <l rend="ti-1">Farewell, my native world!</l>
                </lg>
                <closer>
                    <dateline>
                        <date>1829.</date>
                    </dateline>
                </closer>
            </div>
            <pb n="22" xml:id="VAB7117-019"/>
            <div type="poem">
                <head>FORMER HOME.</head>
                <lg type="verse_paragraph">
                    <l><hi>IN</hi> scenes untrod for many a year,</l>
                    <l rend="ti-1">I stand again, the long estranged;</l>
                    <l>And gazing round me, ponder here</l>
                    <l rend="ti-1">On all that has, and has not changed.</l>
                </lg>
                <lg type="verse_paragraph">
                    <l>The casual <choice>
                            <corr>visitor</corr>
                            <sic>visiter</sic>
                        </choice> would see</l>
                    <l rend="ti-1">Naught altered in the aspects round;</l>
                    <l>But long familiar shapes to me</l>
                    <l rend="ti-1">Are missing, which I fain had found.</l>
                </lg>
                <lg type="verse_paragraph">
                    <l>Still stands the rock, still runs the flood,</l>
                    <l rend="ti-1">Which not an eye could pass unmov’d;</l>
                    <l>The airy copse, the fringing wood,</l>
                    <l rend="ti-1">Which e’en the passer mark’d and lov’d.</l>
                </lg>
                <pb n="23" xml:id="VAB7117-020"/>
                <lg type="verse_paragraph">
                    <l>But when mine eyes’ delighted pride,</l>
                    <l rend="ti-1">Had dwelt the rock’s high front upon,</l>
                    <l>I sought upon its warmer side,</l>
                    <l rend="ti-1">A vine we train’d—and that was gone.</l>
                </lg>
                <lg type="verse_paragraph">
                    <l>And though awhile content I gazed</l>
                    <l rend="ti-1">Upon the river quick and fair;</l>
                    <l>I sought, ere long, a seat we raised</l>
                    <l rend="ti-1">In childhood—but it was not there.</l>
                </lg>
                <lg type="verse_paragraph">
                    <l>Stones lay around, I know not whether</l>
                    <l rend="ti-1">Its relics, or the winter’s snow—</l>
                    <l>And sitting where we sate together,</l>
                    <l rend="ti-1">Again I watch’d the torrent flow.</l>
                </lg>
                <lg type="verse_paragraph">
                    <l>So whirl’d the waves that form’d it then,</l>
                    <l rend="ti-1">In foam around yon jutting stone;</l>
                    <l>So arrowy shot they down the glen,</l>
                    <l rend="ti-1">When here we pass’d the hours long flown.</l>
                </lg>
                <pb n="24" xml:id="VAB7117-021"/>
                <lg type="verse_paragraph">
                    <l>There in the waters dipp’d the tree</l>
                    <l rend="ti-1">From which, the day I parted hence,</l>
                    <l>I took a few green leaves, to be</l>
                    <l rend="ti-1">My solace still through time and chance.</l>
                </lg>
                <lg type="verse_paragraph">
                    <l>Full many a spring the tree has shone</l>
                    <l rend="ti-1">In sunlight, air, and beauty here;</l>
                    <l>While I in cities gazed upon</l>
                    <l rend="ti-1">The wither’d leaves of that one year.</l>
                </lg>
                <lg type="verse_paragraph">
                    <l>That year was fraught with heavy things,</l>
                    <l rend="ti-1">With deaths and partings, loss and pain;</l>
                    <l>And every object round me rings</l>
                    <l rend="ti-1">Its mournful epitaph again.</l>
                </lg>
                <lg type="verse_paragraph">
                    <l>But most, those small familiar traits,</l>
                    <l rend="ti-1">Which only we have lov’d or known;</l>
                    <l>They flourish’d with our happier days—</l>
                    <l rend="ti-1">They wither’d because we were gone.</l>
                </lg>
                <pb n="25" xml:id="VAB7117-022"/>
                <lg type="verse_paragraph">
                    <l>Their absence seems to speak of those</l>
                    <l rend="ti-1">Who ’re scatter’d far upon the earth;</l>
                    <l>At whose young hands they once arose,</l>
                    <l rend="ti-1">Whose eyes gazed gleeful on their birth.</l>
                </lg>
                <lg type="verse_paragraph">
                    <l>Those hands since then have grasp’d the brand,</l>
                    <l rend="ti-1">Those eyes in grief grown dim and hot;</l>
                    <l>And wand’ring through a stranger’s land,</l>
                    <l rend="ti-1">Oft yearn’d to this remember’d spot.</l>
                </lg>
                <lg type="verse_paragraph">
                    <l>How changed are they!—how changed am I!—</l>
                    <l rend="ti-1">I was a boy then—and ’tis gone;</l>
                    <l>Gone is each boyish vanity,—</l>
                    <l rend="ti-1">But what in manhood have I won?</l>
                </lg>
                <lg type="verse_paragraph">
                    <l>I know not—but while standing now,</l>
                    <l rend="ti-1">Where open’d first the heart of youth,</l>
                    <l>I recollect how high would glow</l>
                    <l rend="ti-1">Its thoughts of Glory, Faith, and Truth—</l>
                </lg>
                <pb n="26" xml:id="VAB7117-023"/>
                <lg type="verse_paragraph">
                    <l>How full it was of good and great,</l>
                    <l rend="ti-1">How true to heaven, how warm to men;</l>
                    <l>Alas! I scarce forbear to hate</l>
                    <l rend="ti-1">The colder breast I bring again.</l>
                </lg>
                <lg type="verse_paragraph">
                    <l>Hopes disappointed, sin and time</l>
                    <l rend="ti-1">Have moulded me, since here I stood;</l>
                    <l> Ah! paint old feelings, rock sublime,</l>
                    <l rend="ti-1">Speak life’s fresh accents, mountain flood!</l>
                </lg>
            </div>
            <pb n="27" xml:id="VAB7117-024"/>
            <div type="poem">
                <head>HEART’S EASE.</head>
                <lg type="verse_paragraph">
                    <l><hi>OH</hi> Heart‐Ease, dost thou lie within that flower?</l>
                    <l rend="ti-1">How shall I draw thee thence?—so much I need</l>
                    <l>The healing aid of thine enshrined power</l>
                    <l rend="ti-1">To veil the past—and bid the time good speed!</l>
                </lg>
                <lg type="verse_paragraph">
                    <l>I gather it—it withers on my breast;</l>
                    <l rend="ti-1">The heart’s‐ease dies when it is laid on mine;</l>
                    <l>Methinks there is no shape by joy possess’d,</l>
                    <l rend="ti-1">Would better fare than thou, upon that shrine.</l>
                </lg>
                <lg type="verse_paragraph">
                    <l>Take from me things gone by—oh! change the past—</l>
                    <l rend="ti-1">Renew the lost—restore me the decay’d;—</l>
                    <l>Bring back the days whose tide has ebb’d so fast—</l>
                    <l rend="ti-1">Give form again to the fantastic shade!</l>
                </lg>
                <pb n="28" xml:id="VAB7117-025"/>
                <lg type="verse_paragraph">
                    <l>My hope, that never grew to certainty,—</l>
                    <l rend="ti-1">My youth, that perish’d in its vain desire,—</l>
                    <l>My fond ambition, crush’d e’er it could be</l>
                    <l rend="ti-1">Aught save a self‐consuming, wasted fire;</l>
                </lg>
                <lg type="verse_paragraph">
                    <l>Bring these anew, and set me once again</l>
                    <l rend="ti-1">In the delusion of Life’s Infancy—</l>
                    <l>I was not happy, but I knew not then</l>
                    <l rend="ti-1">That happy I was never doom’d to be.</l>
                </lg>
                <lg type="verse_paragraph">
                    <l>Till these things are, and pow’rs divine descend—</l>
                    <l rend="ti-1">Love, kindness, joy, and hope, to gild my day,</l>
                    <l>In vain the emblem leaves towards me bend,</l>
                    <l rend="ti-1">Thy Spirit, Heart‐Ease, is too far away!</l>
                </lg>
            </div>
            <pb n="29" xml:id="VAB7117-026"/>
            <div type="poem">
                <head>WRITTEN IN HEALTH.</head>
                <l><hi>FORBID</hi>, oh Fate! forbid that I</l>
                <l>Should linger long before I die!</l>
                <l>Ah, let me not sad day by day</l>
                <l>Upon a dying bed decay,</l>
                <l>And learn to strain my lonely ear</l>
                <l>To catch a footstep drawing near;</l>
                <l>And oft my fainting eye‐lid raise,</l>
                <l>To see the friend who still delays.</l>
                <l>Let me not hear the world pass by,</l>
                <l rend="ti-1">In all its splendour, love and pride;</l>
                <l>While I have nothing but to die,</l>
                <l rend="ti-1">Whate’er my fellow‐men betide.</l>
                <l>Nor let me come by sad degrees</l>
                <l>To feel each nobler feeling freeze;</l>
                <pb n="30" xml:id="VAB7117-027"/>
                <l>And lose my love, my hope, my strength,</l>
                <l rend="ti-1">All save the baser part of man;</l>
                <l>Concentring every wish, at length,</l>
                <l rend="ti-1">To die as slowly as I can.</l>
                <l>Oh no! I wish, I hope, I pray</l>
                <l>A better ending to my day.</l>
                <l>I fain would mount some headlong steed,</l>
                <l>And gallop o’er the cliff at speed;</l>
                <l>Fall down a thousand fathoms there,</l>
                <l>And leave my life mid‐way in air.</l>
                <l>I fain would meet in victory</l>
                <l>A winged ball aim’d full at me;</l>
                <l>Shout, as it came, my wild war‐cry,</l>
                <l>And ’ere the sound was ended, die.</l>
                <l>I’d drink a deep delicious wine,</l>
                <l>With hasty poison mix’d therein;</l>
                <l>And with the sweetness on my breath,</l>
                <l>Die, ere I felt that it was death.</l>
                <l>I’d die in battle, love, or glee,</l>
                <l>With spirit wild, and body free,</l>
                <pb n="31" xml:id="VAB7117-028"/>
                <l>With all my wit, my soul, my heart,</l>
                <l>Burning away in every part,</l>
                <l>That so more meetly I might fly</l>
                <l>Into mine immortality;</l>
                <l>Like comets when their race is run,</l>
                <l>That end by rushing on the sun.</l>
            </div>
            <pb n="32" xml:id="VAB7117-029"/>
            <div type="poem">
                <head>FRONTSPIECE OF AN ALBUM,</head>
                <head type="sub">FILLED WITH THE WORKS OF ART OF THREE SISTERS FOR THEIR
                    MOTHER.</head>
                <l><hi>AS</hi> on a lake the water‐flow’rs arise,</l>
                <l rend="ti-1">Nurs’d by its bosom to the forms they wear,</l>
                <l>And floating o’er it, paint it with their dyes,</l>
                <l rend="ti-1">And shed a tribute of their perfume there;</l>
                <l>So, mother, by thy cares all gently brought</l>
                <l rend="ti-1">From the dark nothingness of infancy,</l>
                <l rend="ti-1">And in our folded youth, inspired by thee</l>
                <l>To shine in talent, or expand in thought,</l>
                <l>We offer to thee, like the thankful flow’rs,</l>
                <l rend="ti-1">An image of the minds that by thee live;</l>
                <l>And in the incense of their open’d pow’rs,</l>
                <l rend="ti-1">Return a tribute back of that which thou didst give.</l>
            </div>
            <pb n="33" xml:id="VAB7117-030"/>
            <div type="poem">
                <head>YOUTH AND AGE.</head>
                <head type="sub">(PART II.)</head>
                <lg type="verse_paragraph">
                    <l><hi>BENEATH</hi> a Tree’s green leafy shade,</l>
                    <l>In Life’s profusion, freshly spread,</l>
                    <l>On herbage rich, and blossoms fair,</l>
                    <l>Fraught with the vigor of the year,</l>
                    <l>Poor Youth was stretch’d, his wand’rings done</l>
                    <l rend="ti-1">His silent Lyre beside him lying;</l>
                    <l>His smile, and eye’s gay frolic, gone,</l>
                    <l rend="ti-1">For Youth beneath the Tree lay dying.</l>
                    <l>Stopp’d sudden in its midway flow,</l>
                    <l>Hard struggled Life against the blow;</l>
                    <pb n="34" xml:id="VAB7117-031"/>
                    <l>As streams engulph’d in yawning caves,</l>
                    <l rend="ti-1">Will foam and strive before they cease:</l>
                    <l>Not like the lapse of quiet waves,</l>
                    <l rend="ti-1">Uniting with the Seas in peace.</l>
                    <l>His lip, erewhile so fresh and red,</l>
                    <l>Was ghastly white as is the dead;</l>
                    <l>His fingers grasp’d the flow’s around,</l>
                    <l rend="ti-1">But senseless to their bloom and breath;</l>
                    <l>No thoughts of Joy were with them bound,—</l>
                    <l rend="ti-1">’Twas but the fever‐grasp of Death.</l>
                    <l>O’er him the pallid figure hung,</l>
                    <l>Whom Youth in better days had sung;</l>
                    <l>The listener fond, and counsel sage,</l>
                    <l>Upright, yet merciful old Age.</l>
                    <l>He who, alas! ’mid life and glee,</l>
                    <l>Had seen full oft his Memory</l>
                    <l rend="ti-1">In Youth’s wild heart wax dim;</l>
                    <l>But who through every changing hour,</l>
                    <l>Of Sunshine’s gleam or Tempest’s pow’r,</l>
                    <l rend="ti-1">Had ne’er forgotten him.</l>
                </lg>
                <pb n="35" xml:id="VAB7117-032"/>
                <lg type="verse_paragraph">
                    <l>Oh! had thine eye beheld that pair</l>
                    <l>So lonely and so mournful there!</l>
                    <l>Grey Age, with eyes that told of woe,</l>
                    <l>And fill’d, but did not overflow;</l>
                    <l>Poor Youth, at times toward him turning</l>
                    <l>The glance, where Life’s last flame was burning;</l>
                    <l>Hadst thou beheld them, ’twould have made</l>
                    <l>All Nature’s pomp look sad awhile,</l>
                    <l>When thinking on that dying bed,</l>
                    <l>Where bloom and sunshine lost their smile.</l>
                </lg>
                <lg type="verse_paragraph">
                    <l>Twas pain to Youth, to think the Sun,</l>
                    <l>He lov’d so well to look upon,</l>
                    <l>Would walk whole years the noble sky,—</l>
                    <l>And waken not his marble eye;</l>
                    <l>To think so many a moon’lit night,</l>
                    <l>And tempest with its lov’d storm‐light,</l>
                    <l>And dewy morn with opal clouds,</l>
                    <l>And rose‐tints deepening from their shrouds,</l>
                    <l>Should pass above him, and yet move</l>
                    <l>In him, no glow, nor fire, nor love.</l>
                </lg>
                <pb n="36" xml:id="VAB7117-033"/>
                <lg type="verse_paragraph">
                    <l>His heart, too, ach’d, to think how many</l>
                    <l rend="ti-1">Would soon forget he e’er had been;</l>
                    <l>And next it ask’d itself if any</l>
                    <l rend="ti-1">Would miss him long from Life’s quick scene.</l>
                    <l>Ah! one, perchance, would cherish yet</l>
                    <l rend="ti-1">Thoughts of his life and early lot;</l>
                    <l>He rais’d the eyes where Death was set,</l>
                    <l rend="ti-1">And murmur’d—“Age, forget me not!”</l>
                </lg>
                <lg type="verse_paragraph">
                    <l>And Age, would <emph>he</emph> forget him?—no—</l>
                    <l rend="ti-1">Youth felt it in the hands that press’d,</l>
                    <l>Before the word was spoken thro’,</l>
                    <l rend="ti-1">His form against that heaving breast.</l>
                    <l>The word was spoke—the look was sped—</l>
                    <l>The pang endured—and Youth lay dead.</l>
                </lg>
                <lg type="verse_paragraph">
                    <l>Then, when the hand no longer stirr’d,</l>
                    <l>The sinking breath no more was heard,</l>
                    <l>When dim the soul within those eyes,</l>
                    <l>And life had summon’d back its dyes,—</l>
                    <pb n="37" xml:id="VAB7117-034"/>
                    <l>Then, on the cheek of Age there pass’d</l>
                    <l>The tear‐drops flowing o’er at last;</l>
                    <l>And with no eye save that which slept</l>
                    <l>To look upon his face, he wept.</l>
                </lg>
                <lg type="verse_paragraph">
                    <l>On many an eve, wen twilight shed</l>
                    <l>Its hues o’er Youth’s untimely bed,</l>
                    <l>Not distant far, grey Age would sit</l>
                    <l>Before the name he there had writ;</l>
                    <l>And with past time within the tomb,</l>
                    <l>Mingle the thoughts of days to come.</l>
                    <l>Not his such grief as Youth's had been;</l>
                    <l>His heart was mild, his brow serene;</l>
                    <l>Still kept is soul its quiet mood;</l>
                    <l rend="ti-1">Each living tie was car’d‐for still;</l>
                    <l>Nay, he could even deem it good</l>
                    <l rend="ti-1">That cherish’d head was hid from ill.</l>
                    <l>And though the only ray was gone,</l>
                    <l>Which on his wintry evening shone,</l>
                    <l>He mark’d the change with patient eye,</l>
                    <l>And wish’d, but did not ask to die;</l>
                    <pb n="38" xml:id="VAB7117-035"/>
                    <l>Though ’twas the tie for which he liv’d,</l>
                    <l>He did not grieve as Youth had griev’d.</l>
                </lg>
                <lg type="verse_paragraph">
                    <l>For Age was drawing near the shore,</l>
                    <l>Where friends who meet shall part no more;</l>
                    <l>Almost upon his quiet ear,</l>
                    <l rend="ti-1">That country’s voice at times would rise;</l>
                    <l>Almost within his atmosphere,</l>
                    <l rend="ti-1">Was bent a day‐beam of its skies.</l>
                    <l>And firmly did he tread his way,</l>
                    <l rend="ti-1">Tho’ clouded now, and cold and drear;</l>
                    <l>Advancing grateful to the day,</l>
                    <l rend="ti-1">Which dawn’d from out a happier sphere;</l>
                    <l>And grateful too for all the flow’rs,</l>
                    <l rend="ti-1">That once his happier path had dress’d;</l>
                    <l>Rememb’ring, mid his broken bow’rs,</l>
                    <l rend="ti-1">That e’en on earth he had been bless’d.</l>
                </lg>
            </div>
            <pb n="39" xml:id="VAB7117-036"/>
            <div type="poem">
                <head>THE MOSEL.</head>
                <lg type="verse_paragraph">
                    <l><hi>I PASSED</hi> a day on Mosel river,—</l>
                    <l rend="ti-1">A day beginning with the sun;</l>
                    <l>It ended not till light was over,</l>
                    <l rend="ti-1">And then, alas! that it was done.</l>
                </lg>
                <lg type="verse_paragraph">
                    <l>The early morn with dew was rife,</l>
                    <l rend="ti-1">The low light shadowing out the scene;</l>
                    <l>Noon, with intensity of life,</l>
                    <l rend="ti-1">And evening bright with crimson sheen.</l>
                </lg>
                <lg type="verse_paragraph">
                    <l>Through glorious shores it flow’d for ever,</l>
                    <l rend="ti-1">Revealed on our contented eyes;</l>
                    <l>It might have been that golden river,</l>
                    <l rend="ti-1">On both whose banks was Paradise.</l>
                </lg>
                <pb n="40" xml:id="VAB7117-037"/>
                <lg type="verse_paragraph">
                    <l>I sate by thee, mine own dear friend,</l>
                    <l rend="ti-1">And thou and I were there alone;</l>
                    <l>That day at least I did not fear</l>
                    <l rend="ti-1">That we should part ere day was done.</l>
                </lg>
                <lg type="verse_paragraph">
                    <l>We saw those lovely things together,</l>
                    <l rend="ti-1">Which never will depart our mind;</l>
                    <l>We saw and felt that blessed river,</l>
                    <l rend="ti-1">Which now, alas! is far behind.</l>
                </lg>
                <lg type="verse_paragraph">
                    <l>The liquid opal of the stream</l>
                    <l rend="ti-1">Dark with the light obliquely shed;</l>
                    <l>The reach far stretching to the beam,</l>
                    <l rend="ti-1">Then doubling back whence first it sped;</l>
                </lg>
                <lg type="verse_paragraph">
                    <l>Successive villages that rose,</l>
                    <l rend="ti-1">Each with a spire addressed to God,—</l>
                    <l>Quaint dwelling‐places rear’d of those</l>
                    <l rend="ti-1">Who long since slept beneath the sod;</l>
                </lg>
                <pb n="41" xml:id="VAB7117-038"/>
                <lg type="verse_paragraph">
                    <l>Groves bordering all the water‐side,</l>
                    <l rend="ti-1">With pathways where the peasants stood;</l>
                    <l>And gathering into woods, whose pride</l>
                    <l rend="ti-1">Adorned the hills above the flood.</l>
                </lg>
                <lg type="verse_paragraph">
                    <l>And where the porph’y rock threw out</l>
                    <l rend="ti-1">Before the sun, its crimson sheet,</l>
                    <l>There, vineyards spread their wealth about,</l>
                    <l rend="ti-1">Maturing in the noon‐day heat.</l>
                </lg>
                <lg type="verse_paragraph">
                    <l>And then along some shelving shore</l>
                    <l rend="ti-1">The stream at times rushed swiftly past;</l>
                    <l>The boatman, resting on his oar,</l>
                    <l rend="ti-1">Let go our vessel light and fast.</l>
                </lg>
                <lg type="verse_paragraph">
                    <l>And we, among the sudden stir</l>
                    <l rend="ti-1">Of poppling waves, were carried by;</l>
                    <l>And to each other smiled to mark</l>
                    <l rend="ti-1">The foam‐flakes sparkle on the eye.</l>
                </lg>
                <pb n="42" xml:id="VAB7117-039"/>
                <lg type="verse_paragraph">
                    <l>Oh joyous river! pleasant day!</l>
                    <l rend="ti-1">Not loud wert thou, but dear and bright;</l>
                    <l>And full of gladness, as the sky</l>
                    <l rend="ti-1">Is full of air, the day of light.</l>
                </lg>
                <lg type="verse_paragraph">
                    <l>How joyful will it be, to dwell</l>
                    <l rend="ti-1">On thee, if bright my future days;</l>
                    <l>But oh! if Grief renews its spell,</l>
                    <l rend="ti-1">How sad will show thy former rays.</l>
                </lg>
                <lg type="verse_paragraph">
                    <l>I pray thee, Time, reveal the way</l>
                    <l rend="ti-1">That lies before my steps for ever;</l>
                    <l>Shall I be glad or sorry, say,</l>
                    <l rend="ti-1">To think upon the Mosel river?</l>
                </lg>
            </div>
            <pb n="43" xml:id="VAB7117-040"/>
            <div type="poem">
                <head>“DEATH, DEATH! OH! AMIABLE, LOVELY DEATH!”</head>
                <lg type="verse_paragraph">
                    <l><hi>THERE</hi> beat a heart whose life was grown</l>
                    <l>A thing by Grief made all its own;</l>
                    <l>Which felt Affliction’s heavy power,</l>
                    <l>Each minute of each weary hour;</l>
                    <l>And counted every day that pass’d,</l>
                    <l>By being bitterer than the last.</l>
                    <l>Then came full many a lovely thing,</l>
                    <l>A comfort to his woe to bring,</l>
                    <l>And tried by smile, and play, and jest,</l>
                    <l>To melt the icebands from his breast.</l>
                    <pb n="44" xml:id="VAB7117-041"/>
                    <l>Mirth, with her eye half hid below</l>
                    <l>The archly drooping lid of snow,</l>
                    <l>Danced near with feet as quick and bright</l>
                    <l>As glances from the wave the light,</l>
                    <l>And called him from his trance away,</l>
                    <l>To think no more, but laugh and play.</l>
                    <l>But oh! that sweet, fantastic grace,</l>
                    <l>Met nought responsive in his face;</l>
                    <l>His heavy eye looked up in vain,</l>
                    <l>The brightness of her eye to gain;</l>
                    <l>It seemed his heart but ill could brook</l>
                    <l>The stir and sparkle of her look,</l>
                    <l>And while she still her revel kept,</l>
                    <l>He turned and hid his face, and wept.</l>
                </lg>
                <lg type="verse_paragraph">
                    <l rend="ti-1">Then Splendor came, and pour’d his store</l>
                    <l>Till Fancy could conceive no more;</l>
                    <l>And gave whatever Pride and Power</l>
                    <l>Could ask to deck their stateliest bow’r;</l>
                    <pb n="45" xml:id="VAB7117-042"/>
                    <l>But sad the fold and purple press’d</l>
                    <l>Upon the mourner’s aching breast;</l>
                    <l>And harsh the jewels’ ray to him,</l>
                    <l>Whose weary sight with tears was dim.</l>
                    <l>He ever saw, ’mid all they gave,</l>
                    <l>The damp walls of a narrow grave;—</l>
                    <l>The coffin where his gaze had strain’d,</l>
                    <l>To see the form that lid contain’d;</l>
                    <l>And heard, ’mid every festive spell,</l>
                    <l>The clods that on that coffin fell.</l>
                    <l>“Oh! give me one, one kiss again,</l>
                    <l>Of lips that press’d themselves on mine;</l>
                    <l>What worth thy brightness and thy bloom,</l>
                    <l>While they are withering in the tomb?”</l>
                </lg>
                <lg type="verse_paragraph">
                    <l rend="ti-1">Next Wit drew near—all objects proving;</l>
                    <l>His quiv’ring wings for ever moving;</l>
                    <l>Which as they met the sober rays</l>
                    <l>That fell upon their living blaze,</l>
                    <pb n="46" xml:id="VAB7117-043"/>
                    <l>Untwisted all the hues of light,</l>
                    <l>And gave a rainbow back to sight.</l>
                    <l>But he, the mourner, turned aside,</l>
                    <l>And thought how Love and Peace had died;</l>
                    <l>He could not see Wit’s dazzling flame,</l>
                    <l>For still, between, his dark thoughts came;</l>
                    <l>He could not hear the voice of Wit,</l>
                    <l>For there was Sorrow’s drowning it.</l>
                </lg>
                <lg type="verse_paragraph">
                    <l>Then came a form, whose steady eye</l>
                    <l>Unchanged let all things pass him by;</l>
                    <l>And pale and calm, came gazing on</l>
                    <l>Up to the sorrow‐stricken one.</l>
                    <l>The wretch uprais’d his languid head,</l>
                    <l>And hail’d that wish’d‐one’s ling’ring tread;</l>
                    <l>And bared his breast, thereon to fold</l>
                    <l>The long’d‐for touch, serene and cold.</l>
                    <l>“<ref target="#nine-note01">Lost</ref> friend! ’tis thou canst do,” he
                        cried,</l>
                    <l>“What Mirth, and Wit, and Splendour tried;</l>
                    <pb n="47" xml:id="VAB7117-044"/>
                    <l>Touch my hot heart, and weeping eye,—</l>
                    <l>The heart will freeze, the lid will dry;</l>
                    <l>Unchain my soul, and let it be</l>
                    <l>Free ’mid the spirits of the free.”</l>
                    <l>He spoke, and with departing breath</l>
                    <l>Bless’d the restoring hand of Death.</l>
                </lg>
            </div>
            <pb n="48" xml:id="VAB7117-045"/>
            <div type="poem">
                <head>MAESYNEUDD.</head>
                <head type="sub">ON THE SHORE OF A SMALL LAKE ABOVE THE HOUSE.</head>
                <lg type="verse_paragraph">
                    <l><hi>AH!</hi> could I speak, I’d tell them then,</l>
                    <l rend="ti-1">How glad a quiet life can be;</l>
                    <l>From glory far, and haunts of men,</l>
                    <l rend="ti-1">By rippling brook, and grey oak tree.</l>
                </lg>
                <lg type="verse_paragraph">
                    <l>Yet would I say that once my heart</l>
                    <l rend="ti-1">Pined for those gayer, glitt’ring things;</l>
                    <l>And suffer’d many a silent smart,</l>
                    <l rend="ti-1">While Fortune chain’d its eager wings.</l>
                </lg>
                <lg type="verse_paragraph">
                    <l>It dream’d, that sweet it were to hear</l>
                    <l rend="ti-1">The thousands shout its honor’d name;</l>
                    <l>And bless’d were e’en a brief career,</l>
                    <l rend="ti-1">That ended at the shrine of Fame.</l>
                </lg>
                <pb n="49" xml:id="VAB7117-046"/>
                <lg type="verse_paragraph">
                    <l>Nor as I write that word e’en now,</l>
                    <l rend="ti-1">Lies tranquil quite my youthful breast;</l>
                    <l>I feel the old emotion glow,</l>
                    <l rend="ti-1">Waked by the glorious name from rest.</l>
                </lg>
                <lg type="verse_paragraph">
                    <l>It would not sleep, and leave again</l>
                    <l rend="ti-1">My soul in peace, to muse and stray:</l>
                    <l>Thought I, its fire were made in vain,</l>
                    <l rend="ti-1">To shine, to grieve me, and decay.</l>
                </lg>
                <lg type="verse_paragraph">
                    <l>I deem the day will yet be mine,</l>
                    <l rend="ti-1">(Though first the grave my home must be,)</l>
                    <l>When Glory’s star will o’er me shine,</l>
                    <l rend="ti-1">And Honor ope its gates for me.</l>
                </lg>
                <lg type="verse_paragraph">
                    <l>Those feelings by th’ Almighty given,</l>
                    <l rend="ti-1">Which He has bounded in their flight,</l>
                    <l>(Like wand’ring fire drawn down from heav’n,</l>
                    <l rend="ti-1">An altar’s narrow shrine to light;)</l>
                </lg>
                <pb n="50" xml:id="VAB7117-047"/>
                <lg type="verse_paragraph">
                    <l>When those, their earthly task have done,</l>
                    <l rend="ti-1">By stern affliction tutor’d here,</l>
                    <l>I deem they’ll mount where thought would shun</l>
                    <l rend="ti-1">To track their measureless career.</l>
                </lg>
                <lg type="verse_paragraph">
                    <l>Not crowns obtain’d, nor battles fought,</l>
                    <l rend="ti-1">Nor mortal pomps shall grace the day;</l>
                    <l>But nobler deeds than ere were thought,</l>
                    <l rend="ti-1">Shall give Ambition’s footsteps way.</l>
                </lg>
                <lg type="verse_paragraph">
                    <l>To bless the needy in that hour</l>
                    <l rend="ti-1">Not earthly treasure shall be given;</l>
                    <l>I’ll help him with an angel’s power,</l>
                    <l rend="ti-1">And yield a blessing, spared from heaven.</l>
                </lg>
            </div>
            <pb n="51" xml:id="VAB7117-048"/>
            <div type="poem">
                <head>BESSEY.</head>
                <lg type="verse_paragraph">
                    <l><hi>AGAIN</hi>, again that thrilling strain!</l>
                    <l>Voice of the Past, thine accents chain</l>
                    <l rend="ti-1">Time’s alter’d, onward track;</l>
                    <l>Lost hours are swelling round my heart,</l>
                    <l>And bid it feel in every part</l>
                    <l rend="ti-1">The tide of days roll’d back.</l>
                </lg>
                <lg type="verse_paragraph">
                    <l>It is thy song, thy very note,</l>
                    <l rend="ti-1">Familiar as thine own dear face;</l>
                    <l>Around me now those accents float</l>
                    <l rend="ti-1">As by our own hearth’s resting‐place.</l>
                </lg>
                <lg type="verse_paragraph">
                    <l>It cannot be that years have gone,</l>
                    <l rend="ti-1">Since tones so fresh to thought were given;</l>
                    <l>A day is all,—a single one,—</l>
                    <l rend="ti-1">Oh! ’tis the song of yester‐even.</l>
                </lg>
                <pb n="52" xml:id="VAB7117-049"/>
                <lg type="verse_paragraph">
                    <l>And there comes in thy voice of glee,</l>
                    <l>Sweet Bessey, joined in harmony,</l>
                    <l rend="ti-1">My Nella’s strain to fill;</l>
                    <l>Oh! how familiar is that tone,</l>
                    <l>Clear, gay, untired, ’tis all thine own,</l>
                    <l rend="ti-1">Thine, laughing Bessey, still.</l>
                </lg>
                <lg type="verse_paragraph">
                    <l>Oh! stop not; thou dost break a dream,</l>
                    <l rend="ti-1">That once was Truth, and still can bring</l>
                    <l>Such lively thoughts, as well may seem</l>
                    <l rend="ti-1">More true than any living thing.</l>
                </lg>
                <lg type="verse_paragraph">
                    <l>But ’tis a dream—between us stand</l>
                    <l rend="ti-1">Absence and death, and grief and time;</l>
                    <l>I see again the spectral band,</l>
                    <l rend="ti-1">As sinks away that magic chime.</l>
                </lg>
                <lg type="verse_paragraph">
                    <l>Ah! well, sweet Bessey, thou didst sleep,</l>
                    <l rend="ti-1">While bright with Life’s first rays thine eye;</l>
                    <l>Ere weariness its light could steep,</l>
                    <l rend="ti-1">It clos’d, with all its brilliancy.</l>
                </lg>
                <pb n="53" xml:id="VAB7117-050"/>
                <lg type="verse_paragraph">
                    <l>I saw thee, and thy face, though wan,</l>
                    <l rend="ti-1">Still smil’d that plaited coif beneath;</l>
                    <l>As though Life’s stream had sparkled on,</l>
                    <l rend="ti-1">E’en till the very touch of Death.</l>
                </lg>
                <lg type="verse_paragraph">
                    <l>I gazed until I dream’d there came</l>
                    <l>Again Life’s quick delicious flame</l>
                    <l rend="ti-1">Through all thy pulses led;</l>
                    <l>And though too soon the fancy wan’d,</l>
                    <l>I did not touch thy frozen hand,</l>
                    <l rend="ti-1">I would not feel thee dead.</l>
                </lg>
                <lg type="verse_paragraph">
                    <l>But years have taught, all silent grown,</l>
                    <l>No more to listen for thy tone,</l>
                    <l rend="ti-1">Or turn thy form to see;</l>
                    <l>I do not, save when that old strain</l>
                    <l>Comes back and brings thy voice again,</l>
                    <l rend="ti-1">Thy very voice to me.</l>
                </lg>
            </div>
            <pb n="54" xml:id="VAB7117-051"/>
            <div type="poem">
                <head>BESSEY.</head>
                <lg type="verse_paragraph">
                    <l><hi>’TIS</hi> many a year since yonder grave,</l>
                    <l rend="ti-1">On which the fresh herbs flourish now,</l>
                    <l>Heap’d on each side its sods, and gave</l>
                    <l rend="ti-1">View of the narrow house below.</l>
                </lg>
                <lg type="verse_paragraph">
                    <l>’Twas dug as fresh a form to hold</l>
                    <l rend="ti-1">As flow’rs new‐gather’d, which are laid</l>
                    <l>In beauty on some marble cold,</l>
                    <l rend="ti-1">And smile in death before they fade.</l>
                </lg>
                <lg type="verse_paragraph">
                    <l>Then wet as many an eye for her;</l>
                    <l rend="ti-1">In many a breast her image slept;</l>
                    <l>But Time, and thoughts more fresh and near,</l>
                    <l rend="ti-1">With dimming hand those lines have swept.</l>
                </lg>
                <pb n="55" xml:id="VAB7117-052"/>
                <lg type="verse_paragraph">
                    <l>And now, alas! to me alone</l>
                    <l>The silent letters on the stone</l>
                    <l rend="ti-1">Recall the fairy frame,</l>
                    <l>The radiant bloom, the laughing wile,</l>
                    <l>The sweeter spirit of her smile,</l>
                    <l rend="ti-1">Once bound with Bessey’s name.</l>
                </lg>
                <lg type="verse_paragraph">
                    <l>I know I should not weep thee now,—</l>
                    <l rend="ti-1">Thy place is fill’d, thy home possess’d;</l>
                    <l>Time smooths the void, dear Maid, which thou</l>
                    <l rend="ti-1">Departing, mad’st in many a breast.</l>
                </lg>
                <lg type="verse_paragraph">
                    <l>And yet when day and toil are done,</l>
                    <l rend="ti-1">And thought releas’d from present care</l>
                    <l>Reviews the steps that Life has run,</l>
                    <l rend="ti-1">Thro’ all the things and times that were,</l>
                </lg>
                <lg type="verse_paragraph">
                    <l>I sit upon the church‐yard wall,</l>
                    <l rend="ti-1">Thy Tomb, oh Bessey, in my ken;</l>
                    <l>And start to feel the tear‐drops fall</l>
                    <l rend="ti-1">Which thoughts unworded, gather then.</l>
                </lg>
            </div>
            <pb n="56" xml:id="VAB7117-053"/>
            <div type="poem">
                <head>INVITATION</head>
                <head type="sub">AFTER PULLING DOWN AND REBUILDING A HOUSE.</head>
                <lg type="verse_paragraph">
                    <l><hi>OLD</hi> Ghosts, ye all are dispossess’d,</l>
                    <l rend="ti-1">Your former house is levell’d now;</l>
                    <l>Another house at my behest</l>
                    <l rend="ti-1">Has lifted over yours, its brow.</l>
                </lg>
                <lg type="verse_paragraph">
                    <l>But flit, old Ghosts, and live with me;</l>
                    <l rend="ti-1">As yet we are but living hosts;</l>
                    <l>But watch the new house patiently,</l>
                    <l rend="ti-1">You soon shall have companion Ghosts.</l>
                </lg>
            </div>
            <pb n="57" xml:id="VAB7117-054"/>
            <div type="poem">
                <head>WE TWO HAVE SATE AND SUNG TOGETHER.</head>
                <lg type="verse_paragraph">
                    <l><hi>WE</hi> two have sate and sung together</l>
                    <l rend="ti-1">Full oft that old familiar strain;</l>
                    <l>Ah, Friend! who now shall tell us whether</l>
                    <l rend="ti-1">We e’er shall do the like again!</l>
                </lg>
                <lg type="verse_paragraph">
                    <l>My voice is faint, and dim mine eyes,</l>
                    <l rend="ti-1">And heavy comes my oft‐drawn breath;</l>
                    <l>And every day that onward flies,</l>
                    <l rend="ti-1">Says plainer than the last, ’tis death.</l>
                </lg>
                <lg type="verse_paragraph">
                    <l>Oh! when again two voices try</l>
                    <l rend="ti-1">That strain, not ours the notes shall be;</l>
                    <l><emph>Thou</emph> wilt not sing it then, and <emph>I</emph></l>
                    <l rend="ti-1">Shall sleep unheeding e’en of thee.</l>
                </lg>
                <pb n="58" xml:id="VAB7117-055"/>
                <lg type="verse_paragraph">
                    <l>The thought of me will cross thee then,</l>
                    <l rend="ti-1">Where’er thou art, whate’er thy doom;</l>
                    <l>And from the hum of living men,</l>
                    <l rend="ti-1">Invite thy Spirit to the Tomb.</l>
                </lg>
                <lg type="verse_paragraph">
                    <l>There wilt thou see, while crowds rejoice,</l>
                    <l rend="ti-1">My prostrate form, remote and still;</l>
                    <l>And mark, ’mid many a living voice,</l>
                    <l rend="ti-1">The silence of the Grave I fill.</l>
                </lg>
                <lg type="verse_paragraph">
                    <l>I would that moment I might be</l>
                    <l rend="ti-1">A sun‐beam on thine eye to start;</l>
                    <l>Or with as bright a witchery,</l>
                    <l rend="ti-1">A cheerful thought to cross thy heart.</l>
                </lg>
                <lg type="verse_paragraph">
                    <l>Mourn not, Beloved—think I pass’d</l>
                    <l rend="ti-1">Before my soul’s first virtue died;</l>
                    <l>That from the world remotely cast,</l>
                    <l rend="ti-1">I fell not, for I was not tried.</l>
                </lg>
                <pb n="59" xml:id="VAB7117-056"/>
                <lg type="verse_paragraph">
                    <l>And in me youthful still, survived</l>
                    <l rend="ti-1">The peace, the truth, my Maker gave;</l>
                    <l>They might have withered, had I liv’d,</l>
                    <l rend="ti-1">But grew immortal on my grave.</l>
                </lg>
                <lg type="verse_paragraph">
                    <l>Ah! then, my friend, whene’er the day</l>
                    <l rend="ti-1">Shall bring this strain, and I am not;</l>
                    <l>My early death shall be the ray,</l>
                    <l rend="ti-1">The cheerful thought, my humble lot.</l>
                </lg>
            </div>
            <pb n="60" xml:id="VAB7117-057"/>
            <div type="poem">
                <head>THE LADY.<ref target="#nine-note02">*</ref></head>
                <lg type="verse_paragraph">
                    <l><hi>THERE</hi> was an ancient dwelling‐place,</l>
                    <l rend="ti-1">The home of English Squires;</l>
                    <l>An ancient Lady dwelt therein,—</l>
                    <l rend="ti-1">She had it from her Sires.</l>
                </lg>
                <lg type="verse_paragraph">
                    <l>Her purse was fill’d with gold I trow,</l>
                    <l rend="ti-1">Her house with household store;</l>
                    <l>And when the neighbours’ pelf wax’d low,</l>
                    <l rend="ti-1">They came to her for more.</l>
                </lg>
                <lg type="verse_paragraph">
                    <l>She gave her gold—she sought the sick,</l>
                    <l rend="ti-1">And ask’d them of their harm;</l>
                    <l>Forth walking with her Bible‐book,</l>
                    <l rend="ti-1">Her basket on her arm.</l>
                </lg>
                <note anchored="true" target="#nine02" place="foot" xml:id="nine-note02">This ballad
                    has been set to music by the Chevalier Neukomm, under the title of “The Old
                    English Lady.”</note>
                <pb n="61" xml:id="VAB7117-058"/>
                <lg type="verse_paragraph">
                    <l>She lov’d them all, and they lov’d her</l>
                    <l rend="ti-1">With good old loyalty;</l>
                    <l>And when she wax’d so faint and old,</l>
                    <l rend="ti-1">They griev’d that she must die.</l>
                </lg>
                <lg type="verse_paragraph">
                    <l>“Alack!” they cried, “we’ll pray for her,</l>
                    <l rend="ti-1">That she may come about;</l>
                    <l>She’s been a friend for fifty years,</l>
                    <l rend="ti-1">We cannot do without.”</l>
                </lg>
                <lg type="verse_paragraph">
                    <l>But yet the good old Lady died,</l>
                    <l rend="ti-1">And woe was all her land;</l>
                    <l>They put the shroud about her face,</l>
                    <l rend="ti-1">And rosemary in her hand.</l>
                </lg>
                <lg type="verse_paragraph">
                    <l>They plac’d her in her own old hall,</l>
                    <l rend="ti-1">The Servants stood around;</l>
                    <l>The Church‐bells, as they bore her forth,</l>
                    <l rend="ti-1">Toll’d out a heavy sound.</l>
                </lg>
                <pb n="62" xml:id="VAB7117-059"/>
                <lg type="verse_paragraph">
                    <l>Old folks and young were come to see,—</l>
                    <l rend="ti-1">Of tears there was no lack;</l>
                    <l>The Tenants walk’d behind in pairs,</l>
                    <l rend="ti-1">Each in a suit of black.</l>
                </lg>
                <lg type="verse_paragraph">
                    <l>They laid her in her father’s vault,</l>
                    <l rend="ti-1">’Mid coffins many a one;</l>
                    <l>The Parson said his holy words,</l>
                    <l rend="ti-1">And they made fast the stone.</l>
                </lg>
                <lg type="verse_paragraph">
                    <l>That stone will never more be rais’d,</l>
                    <l rend="ti-1">Now she has got her place;</l>
                    <l>That childless Lady was the last</l>
                    <l rend="ti-1">Of her old name and race.</l>
                </lg>
            </div>
            <closer>THE END.</closer>
            <trailer>London: Blatch and Lampert, Printers, Grove Place, Brompton.</trailer>
        </body>
    </text>
</TEI>