<?xml version="1.0" encoding="utf-8"?><TEI xmlns="http://www.tei-c.org/ns/1.0" xmlns:xsi="http://www.w3.org/2001/XMLSchema-instance" xsi:schemaLocation="http://www.tei-c.org/ns/1.0 http://www.dlib.indiana.edu/lib/xml/vwwp/vwwp.xsd" xml:id="VAB7082">
    <teiHeader>
        <fileDesc>
            <titleStmt>
                <title>The Iniquity of State Regulated Vice</title>
                <title type="filing">Iniquity of State Regulated Vice</title>
                <author>Booth, Catherine Mumford (1829-1890)</author>
                <respStmt>
                    <resp>Transcribed and encoded by</resp>
                    <name>Margaret E. Parks</name>
                </respStmt>
                <respStmt>
                    <resp>Edited by </resp>
                    <name>Perry Willett</name>
                </respStmt>
                <respStmt xml:id="bn">
                    <resp>E-text Editor</resp>
                    <name>Brian Norberg</name>
                </respStmt>
                <respStmt>
                    <resp>Corrected By</resp>
                    <name xml:id="elizabethmunson">Elizabeth Munson</name>
                </respStmt>
            </titleStmt>
            <extent>TEI formatted filesize uncompressed: approx. 22 kbytes</extent>
            <publicationStmt>
                <publisher>Digital Library Program, Indiana University</publisher>
                <pubPlace>Bloomington, IN</pubPlace>
                <date>August 30, 1996</date>
                <idno>VAB7082</idno>
                <availability status="unknown">
                    <p>© 2009, The Trustees of Indiana University. Indiana University makes a claim
                        of copyright only to original contributions made by the Victorian Women
                        Writers Project participants and other members of the university community.
                        Indiana University makes no claim of copyright to the original text.
                        Permission is granted to download, transmit or otherwise reproduce,
                        distribute or display the contributions to this work claimed by Indiana
                        University for non-profit educational purposes, provided that this header is
                        included in its entirety. For inquiries about commercial uses, please
                        contact:
                        <address><addrLine>Digital Library Program</addrLine><addrLine>Main Library</addrLine><addrLine>Indiana University</addrLine><addrLine>Bloomington, IN 47405</addrLine><addrLine>United States of America</addrLine><addrLine>EMail: diglib@indiana.edu</addrLine></address></p>
                </availability>
            </publicationStmt>
            <seriesStmt>
                <title>Victorian Women Writers Project: an Electronic Collection</title>
                <respStmt>
                    <name>Perry Willett, </name>
                    <resp>General Editor.</resp>
                </respStmt>
            </seriesStmt>
            <sourceDesc>
                <biblFull>
                    <titleStmt>
                        <title>The Iniquity of State Regulated Vice. A Speech Delivered at Exeter
                        Hall, London, on February 6th, 1884.</title>
                        <author>Booth, Catherine Mumford, 1829-1890</author>
                        <respStmt>
                            <resp>by </resp>
                            <name>Catherine Mumford Booth.</name>
                        </respStmt>
                    </titleStmt>
                    <extent>14 p.</extent>
                    <publicationStmt>
                        <publisher>Dyer Brothers </publisher>
                        <pubPlace>London: </pubPlace>
                        <date when="1884">[1884]</date>
                    </publicationStmt>
                </biblFull>
            </sourceDesc>
        </fileDesc>
        <encodingDesc>
            <editorialDecl><p><note n="false" xml:id="noPageImages">Page images not available for this text.</note></p>
                <p>All quotation marks, hyphens, dashes, apostrophes and colons have been
                    transcribed as entity references.</p>
                <p>All apostrophes and single right quotation marks are encoded as
                    &amp;rsquo;.</p>
                <p>Any hyphens occurring in line breaks have been removed; all hyphens are encoded
                    as &amp;hyphen; and em dashes as &amp;mdash;.</p>
                <p>All quoted sections that are italicized in the original are enclosed in
                    &lt;q&gt;; all other quoted sections are transcribed without encoding.
                    All text encoded as &lt;emph&gt; is to be rendered in italics unless
                    specified in the "rend" attribute. All names that appear in all caps are
                    enclosed in &lt;name&gt;.</p>
                <p>The list of pamphlets following p. 14 has been omitted.</p>
            </editorialDecl>
            <tagsDecl>
                <namespace name="http://www.tei-c.org/ns/1.0">
                    <tagUsage gi="address" occurs="2"></tagUsage>
                    <tagUsage gi="addrline" occurs="8"></tagUsage>
                    <tagUsage gi="author" occurs="1"></tagUsage>
                    <tagUsage gi="availability" occurs="1"></tagUsage>
                    <tagUsage gi="biblfull" occurs="1"></tagUsage>
                    <tagUsage gi="body" occurs="1"></tagUsage>
                    <tagUsage gi="byline" occurs="1"></tagUsage>
                    <tagUsage gi="change" occurs="3"></tagUsage>
                    <tagUsage gi="date" occurs="5"></tagUsage>
                    <tagUsage gi="div0" occurs="1"></tagUsage>
                    <tagUsage gi="docauthor" occurs="1"></tagUsage>
                    <tagUsage gi="docedition" occurs="2"></tagUsage>
                    <tagUsage gi="docimprint" occurs="1"></tagUsage>
                    <tagUsage gi="doctitle" occurs="1"></tagUsage>
                    <tagUsage gi="editorialdecl" occurs="1"></tagUsage>
                    <tagUsage gi="emph" occurs="8"></tagUsage>
                    <tagUsage gi="encodingdesc" occurs="1"></tagUsage>
                    <tagUsage gi="extent" occurs="2"></tagUsage>
                    <tagUsage gi="filedesc" occurs="1"></tagUsage>
                    <tagUsage gi="front" occurs="1"></tagUsage>
                    <tagUsage gi="head" occurs="1"></tagUsage>
                    <tagUsage gi="item" occurs="3"></tagUsage>
                    <tagUsage gi="name" occurs="6"></tagUsage>
                    <tagUsage gi="p" occurs="18"></tagUsage>
                    <tagUsage gi="pb" occurs="11"></tagUsage>
                    <tagUsage gi="publicationstmt" occurs="2"></tagUsage>
                    <tagUsage gi="publisher" occurs="3"></tagUsage>
                    <tagUsage gi="pubplace" occurs="3"></tagUsage>
                    <tagUsage gi="resp" occurs="7"></tagUsage>
                    <tagUsage gi="respstmt" occurs="7"></tagUsage>
                    <tagUsage gi="revisiondesc" occurs="1"></tagUsage>
                    <tagUsage gi="seriesstmt" occurs="1"></tagUsage>
                    <tagUsage gi="sourcedesc" occurs="1"></tagUsage>
                    <tagUsage gi="tagsdecl" occurs="1"></tagUsage>
                    <tagUsage gi="tagusage" occurs="42"></tagUsage>
                    <tagUsage gi="tei.2" occurs="1"></tagUsage>
                    <tagUsage gi="teiheader" occurs="1"></tagUsage>
                    <tagUsage gi="text" occurs="1"></tagUsage>
                    <tagUsage gi="title" occurs="3"></tagUsage>
                    <tagUsage gi="titlepage" occurs="1"></tagUsage>
                    <tagUsage gi="titlepart" occurs="2"></tagUsage>
                    <tagUsage gi="titlestmt" occurs="2"></tagUsage>
                </namespace>
            </tagsDecl>
            <classDecl>
                <taxonomy xml:id="lcsh">
                    <bibl>
                        <title>Library of Congress Subject Headings</title>
                        <ptr target="http://authorities.loc.gov/"></ptr>
                        <note>
                            <p>Library of Congress Subject Headings originate from the source MARC
                                record for the monograph when available.</p>
                        </note>
                    </bibl>
                </taxonomy>
                <taxonomy xml:id="mla">
                    <bibl>
                        <title>Modern Language Association Thesaurus</title>
                        <ptr target="http://www.mla.org/publications/bibliography/howtouse_mlabiblio/howtosearchmlabiblio#mla" type="source"></ptr>
                        <ptr target="http://dlib.indiana.edu/vocabulary/modernlangassocgenre/" type="webservice"></ptr>
                        <note><p> The MLA Bibliography staff has created a thesaurus of over 50,000 terms and 200,000
                            names to ensure consistency in the terms and names assigned during indexing. The VWWP
                            project will utilize a subset of the MLA Thesaurus to assign genre headings to the VWWP
                            texts. </p></note>
                    </bibl>
                </taxonomy>
            </classDecl>
        </encodingDesc>
        <profileDesc>
            <langUsage>
                <language ident="eng">English</language>
            </langUsage>
            <textClass>
                <keywords scheme="#lcsh">
                    <list>
                        <item>Prostitution--Great Britain--History--19th century--Sources</item>
                    </list>
                </keywords>
                <keywords scheme="#mla">
                    <list>
                        <item><term ref="http://terminology.dlib.indiana.edu/vwwpgenre/lecture">lecture</term></item>
                        <item><term ref="http://terminology.dlib.indiana.edu/vwwpgenre/prose">prose</term></item>
                    </list>
                </keywords>
            </textClass>
        </profileDesc>
        <revisionDesc>
            <change><date>1996-08-27</date><label>editor.</label><name>Margaret
                Parkes</name>transcribed and encoded.</change>
            <change><date>1996-08-30</date><label>general editor.</label><name>Perry Willett,
                </name>Finished TEI‐conformant encoding and proofing.</change>
            <change><date>1996-10-19</date><label>general editor.</label><name>Perry Willett,
                </name>fixed entity references to be SDATA</change>
            <change><date>2005-02-06</date><label>Programmer</label><name>Mark Millard,
                </name>Converted from SGML to TEI-XML</change>
            <change when="2009-05-10" who="#bn">Coverted from P4 to P5</change>
            <change when="2009-10-27" who="#bn">Normalized id scheme and encoding</change>
            <change when="2009-11-10" who="#bn">Added Library of Congress subject headings</change>
            <change when="2010-07-30" who="elizabethmunson">Removed date and "a machine
            readable transcription" from fileDesc title</change>
            <change when="2010-07-30" who="elizabethmunson">Added filing title</change>
            <change when="2010-07-30" who="elizabethmunson">Added LCNAF form of author name to sourceDesc (hyphen 
            adjusted for both sourceDesc and fileDesc)</change>
            <change when="2010-07-30" who="elizabethmunson">Normalized date in biblFull/publicationStmt;
            date was supplied as [1884]</change>
            <change when="2010-08-26" who="elizabethmunson">Added genre term</change>
            <change when="2010-08-31" who="elizabethmunson">Removed div type="text"</change>
        </revisionDesc>
    </teiHeader>
    <text>
        <front>
            <titlePage>
                <docTitle>
                    <titlePart type="main">THE INIQUITY OF STATE REGULATED VICE. </titlePart>
                    <titlePart type="sub">A SPEECH DELIVERED AT EXETER HALL, LONDON, ON FEBRUARY
                        6TH, 1884,</titlePart>
                </docTitle>
                <byline>By <docAuthor>MRS. BOOTH, </docAuthor>Of the Salvation Army.</byline>
                <docImprint>
                    <pubPlace>LONDON: </pubPlace>
                    <publisher>DYER BROTHERS,
                        <address><addrLine>AMEN CORNER,</addrLine><addrLine>PATERNOSTER ROW.</addrLine></address></publisher>
                </docImprint>
                <docEdition>May be ordered through Booksellers everywhere.</docEdition>
                <docEdition>PRICE ONE PENNY.</docEdition>
            </titlePage>
        </front>
        <body>
                <div type="book"><head>THE INIQUITY OF STATE REGULATED VICE.</head>
                <p> At a large meeting at Exeter Hall, London, called to protest against the State
                    regulation of vice in England and our Colonies, Mrs. Booth, of the Salvation
                    Army, delivered the following speech. The resolution to which she spoke read as
                    follows:—</p>
                <p>“That this meeting looks with confidence to the House of Commons, and to Her
                    Majesty’s Ministers, to complete the work already commenced, by the total repeal
                    of the so‐called Contagious Diseases Acts, and hopes to see the Government of
                    our country cleared from all complicity with the traffickers in vice. It trusts
                    that laws may be passed in the future having more regard to the equal treatment
                    of men and women, and for the better protection of the young; and requests the
                    Chairman to sign a Petition to this effect, on behalf of this meeting,<pb n="4" xml:id="VAB7082-001"></pb> and send copies of the Resolutions to the Right Hon.
                    W. E. Gladstone, M.P.; the Marquis of Hartington, the Earl of Northbrook, and
                    Sir W. Vernon Harcourt, M.P.”</p>
                <p>Mrs. Booth said:— Mr. Chairman, Ladies and Gentlemen: I feel that I can most
                    heartily move the resolution which you have just heard read. I can do so,
                    because with its fundamental doctrine, I am agreed. The next best thing to doing
                    the right, is to be willing to pause and retract when we have done wrong. I take
                    it as a sign of nobility, either in an individual, or in a Government when a
                    false step has been taken, either through inadvertence—or, as Mr. Gladstone
                    says, ‘through obscurity’—for he says these Acts were introduced into the
                    English Statute Book in obscurity. I take it as a sign of nobility, if one
                    having made a false step is willing to retract it. (Cheers.) And therefore, I
                    gratefully, as one of the women of England, acknowledge the action of the
                    English Government in thus retracing its steps. And I also praise God fervently
                    for the wisdom given to the Government in the re‐consideration of this
                    question—and I earnestly pray, (and I am sure every pure‐hearted man and woman
                    will say ‘Amen’), that God will continue to give this wisdom to the Government,
                    and will enable them presently to blot off from the Statute Book laws so
                    infamous.</p>
                <pb n="5" xml:id="VAB7082-002"></pb>
                <p>Apart from this rectifying action on the part of the Government, I must confess
                    that the deepest feeling of my soul in rising to speak on this subject is that
                    of intense <emph>shame!</emph> shame that it should be necessary at this period
                    of our national history, to stand on this Exeter Hall platform to plead for the
                    repeal of such measures as those you have discussed to‐night.</p>
                <p>I can only conceive of one greater shame possible, and that would be, to shrink
                    from the necessity which has been imposed upon us.</p>
                <p>I do not know how other friends feel, but I have felt almost ashamed that I have
                    become only recently acquainted with this question. Having been engaged every
                    day of my life in striving to destroy the roots not only of unchastity, but of
                    all impurity, I considered that I was doing the best thing to promote this kind
                    of purity—but when dear Mrs. Butler, some two years ago, sent me a pamphlet, I
                    felt reproved that I had not acquainted myself with the matter sooner, for I
                    feel that every true woman in England, who will really examine the question,
                    must feel bound to give her influence towards the repeal of these abominable
                    Acts. I have been told, and I dare say our friends on the platform have been
                    told, that it is a disgrace for a woman to meddle with this question. But I say
                    if measures are passed which are so obnoxious that it is a disgrace and
                    abomination to discuss them—the<pb n="6" xml:id="VAB7082-003"></pb> odium of such
                    disgrace rests with those who instituted them. (Cheers.) And not with those who
                    offer themselves as the butt of public ridicule and scorn in their efforts to
                    get them repealed. (Cheers.)</p>
                <p>For my own part I look forward with admiration and reverence on those noble few
                    who have taken the lead in this movement, and especially on dear Mrs. Butler,
                    who has endured the worst insinuations of bad men, and the contempt of
                    uninformed or weak women, in carrying forward this agitation for repeal. I say
                    all honour to them. Future generations will call them blessed. (Hear, hear.)
                    Their experience has been to us a wonderful and beautiful exemplification of the
                    truth that to the pure all things are pure. And <emph>nothing more so than the
                        exposure of impurity for its destruction!</emph> May God bless the noble
                    band who have been enduring for sixteen years ignominy, contempt, and
                    misrepresentation, our Chairman amongst the number, and all who have helped
                    them.</p>
                <p>1st. I would say don’t allow this to be regarded as a class question. I have seen
                    several notices in the newspapers of the last few days with reference to this
                    movement, and I see that the opposers of this agitation are particularly careful
                    to speak of the legislation which we are considering, as for a particular class
                    at whom primarily the law aims—but I say we<pb n="7" xml:id="VAB7082-004"></pb> must
                    utterly repudiate this representation—for although this question does refer to a
                    particular class of the community, it is a national question, and will react
                    with terrific force of consequences on the whole population, if this system
                    should be kept in operation. A great French writer has said it is the law of
                    eternal justice that man cannot degrade woman without himself becoming degraded,
                    (Hear, hear), and alas! we have abundant proof of that in history. Therefore let
                    us watch with eagle eye,—and I intend to do my share, as far as other arduous
                    duties will allow me, in helping this movement,—I say, let us be careful, for
                    this action in respect to women will have a terrible reaction on the men of
                    England. We cannot degrade women without degrading men. We find wherever woman
                    has been regarded merely as the instrument of man’s pleasure or gain there, men
                    are low and mean and sensual, and I was going to say devilish. (Applause.) And I
                    was also going to say that I thanked God it was so, because justice is the
                    foundation of all real improvement. We have as much right to be considered as
                    men—and perhaps future generations will find out that we <emph>are</emph> quite
                    as important in the scale of being. I sometimes smile when I hear of ‘Woman’s
                    influence on Society,’ as if woman were not part of society, and in this
                    country, at all events, the larger<pb n="8" xml:id="VAB7082-005"></pb> half.
                    (Laughter.) If all the women had been of my mind these laws would never have
                    taken effect. I would have fought against them while I had a drop of blood left
                    in my body. (Cheers.) No police officer or magistrate should ever have made me
                    submit to them. I admire the women who have thrown themselves from buildings in
                    preference to submitting to them, and I believe that these women will prove to
                    have been pioneers in this movement for moral purity. We know the truest test of
                    a nation’s moral condition, is the sanctity or profanity of its treatment of
                    women—we know this, and therefore I say that any measures or laws which tend to
                    break down those great barriers which God has placed around the natural modesty
                    of woman are the greatest outrages which can be perpetrated on any people. And
                    the women of England, and the men too, ought to combine to wipe them from the
                    Statute Book—and, unless they repent, wipe the makers of them out of our
                    Senate,—God help us to do so! Why do I call it outrage? Because these measures
                    make vice a necessity. I am not ashamed to say that it is only a few months
                    since I took that idea in, since I understood what that meant. It seemed to me
                    too monstrous to believe. I thought the promoters of the movement must be
                    exaggerating, I could not believe my eyes or ears that it was propounded in
                        this<pb n="9" xml:id="VAB7082-006"></pb> Christian country that vice was a
                    necessity. What would our forefathers have said to that? Could we not refer this
                    to experience. Have we not some of us had fathers of whom we have been proud,
                    and brothers and husbands whose purity we would vouch for as equal to our own?
                    Have we not some of us sons of whose purity we are as confident as that of our
                    daughters? Can we not summon our experience, and put our foot on this monstrous
                    doctrine of devils that vice is a necessity? (Cheers.) Vice a necessity! Surely
                    there are some necessities that you are bound to look after, and that the Great
                    God above will hold you answerable for looking after. These necessities are to
                    look out for the purity and liberty of your children; to look after the
                    influence of England on the nations of the earth; to look out that this nation
                    does not fall away by its impurity; as we have heard to night, and as history
                    has told you that many nations have already done. To look to the condition of
                    the untaught and uncared for masses; to look after the spread and propagation of
                    the Gospel of Jesus Christ. These are necessities that we have to look after.
                    LET THE DEVIL LOOK AFTER THE NECESSITY OF VICE. (Applause.) But I say as a
                    Christian, that no Government has any right to have anything to do with the
                    making of provision for vice and trying to<pb n="10" xml:id="VAB7082-007"></pb>
                    increase temptation thereto by making out that vice can be indulged with safety.
                    Oh! thank God that is a lie! (Hear, hear.) Do you think God Almighty is going to
                    be cheated out of his penalties by the Acts of the Select Committees? (Laughter
                    and Applause.) Oh! dear no! I read of some of the lamentations of these foolish
                    people of whom Solomon spoke—of people who had been led as an ox to the
                    slaughter—thinking it was perfectly safe. But the biter was bitten. Young men
                    mind! Do not take these foolish assurances, or in your case, also, the biter
                    will be bitten, God will not be cheated of his penalties and retribution for
                    crime in that fashion. A FALSE SECURITY IS WORSE THAN NO SECURITY AT ALL. Beware
                    of these houses over the door of which instead if its being written ‘This is the
                    way to Hell, this is the gate to the pit’ is written ‘You may walk in here with
                    perfect safety.’ Beware! for the consequences of your sin will overtake you, and
                    you will be like those I was reading about, in that you dared to set God’s laws
                    which are written in your consciences—at defiance. But my time is going.</p>
                <p>I say further that this legislation is of the devil because it proposes to put
                    vice on an equality with virtue. How does this sound in English ears? Can you
                    believe it? I say let us away with such legislation<pb n="11" xml:id="VAB7082-008"></pb> —this has nothing to do with party politics. I have
                    nothing to do with politics, but I have to do with righteousness—let us insist
                    on this great moral question being settled irrespective of parties. This is a
                    question which ought to arouse the conscience of the whole nation, then I say do
                    not allow it to be regarded as a party question.</p>
                <p>2nd. I would say:—Let every man and woman whose eyes are open to the tendency of
                    these Acts remember that the genius, the spirit of these Acts, that which formed
                    them and carried them will not rest here. The same demon which would level all
                    distinctions between vice and virtue—morality and licentiousness—has got his eye
                    on your religious liberties!! Look out! We have need to remember that ‘the price
                    of liberty is eternal vigilance.’ (Hear, hear). We of the Salvation Army know
                    something of this, sadly too well. (Hear, hear). The same rulers who patronise
                    vice—the same rulers who barter over the souls and bodies of unsuspecting
                    children, pass police regulations to put down and root out all manifestations of
                    vital godliness wherever they find it, and many of them are now engaged in the
                    Herod‐like work, hunting for the God Child in order to destroy Him. They aim at
                    the destruction of your religious liberties, and it behoves every Christian man
                    in this country—lay or ministerial—every man or woman as far as<pb n="12" xml:id="VAB7082-009"></pb> his or her ability will allow, to mount the walls of
                    Zion, and sound down the sleeping ranks of the professed soldiers of the Cross,
                    the alarm note that they should be up and watching that this fiend should not
                    take away liberties for which our forefathers fought and bled.</p>
                <p>One word more in conclusion. How are we to fight this evil? You must work,
                    work—and I would say with reference to this movement as I do with the one with
                    which I am more intimately connected—if you want to help us in the great strife
                    against evil, in the hand to hand fight with the devil—spread
                    information—scatter intelligence—be at the trouble to open the eyes of your
                    neighbours and friends. Give your friends pamphlets and books. I can tell you
                    some of them have astonished me. I read some paragraphs taken from the report of
                    a debate in the House of Commons, which made me doubt my eyesight, with respect
                    to the age at which female children should be answerable for their own ruin. I
                    could not help the blood rushing to my temples with indignant shame. I could not
                    help rubbing my eyes and reading again and saying, do my eyes deceive me? Could
                    this ever have happened in the House of Commons in England? Oh! my God, are we
                    come to this? I did not think we were so low as this—that one member should
                    suggest that the age of these inno‐<pb n="13" xml:id="VAB7082-010"></pb> cents
                    should be heightened to 14, and that another suggested it should be not so high.
                    Another that it should be reduced to 10, and oh! my God, pleaded that it was
                    hard for a man—<emph rend="sc">HARD</emph>—<emph>for a man!</emph>—having a
                    charge brought against him, not to be able to plead the consent of a child like
                    that. I would not tell what, but for the grace of God, I should feel like doing
                    to the man who brought that argument to bear on my child. (Applause.) I have a
                    sweet innocent little girl—many of you have also—of 14, as innocent as an infant
                    of any such things—what, if a man should make an application of this doctrine to
                    her. <emph>Well</emph> may the higher classes take such care of
                        <emph>their</emph> little girls? Well may they be so careful never to let
                    them go out without efficient protectors. But what is to become of the little
                    girls of poor unprotected widows? Of the little girls of the working classes of
                    this country? I do not know who these men were who discussed this matter of
                    ages. It is a good thing I do not just now. But I think we ought to know. Still,
                    I do not care <emph>who they were</emph>. I say I could not have believed that
                    in this our country such a discussion amongst so‐called gentlemen could have
                    taken place. I talk a good deal about the masses, and I know a good deal about
                    them, but I am bound to say that I do not believe there could be found twelve
                    roughs in any tap‐room in England who would be parties to,<pb n="14" xml:id="VAB7082-011"></pb> or tolerate such a discussion. (Loud Applause.)</p>
                <p>I think in view of such discussions and their consequences, it is time that we
                    women had some kind of capacity bestowed upon us for looking after ourselves,
                    and after our children!! (Applause.) Then, I say again, work, work, and spread
                    information! Don’t think you will repeal these Acts by wishing them repealed.
                    Don’t imagine you will repeal them by sentimentalising about them. Nor even by
                    praying about them, unless you work too. It is one of the greatest mistakes that
                    people pray their hypocritical prayers, and then sit down and do nothing. We of
                    the Salvation Army believe in prayer—we spend whole nights at it often,—but we
                    believe in work too. We believe God has conditioned his working on our working,
                    and if we will use the power and influence, and talent, and spirit which God has
                    given us, He will work with us, and God and man will combine to blot out these
                    infamous laws for ever!</p>
            </div>
        </body>
    </text>
</TEI>