<?xml version="1.0" encoding="utf-8"?><TEI xmlns="http://www.tei-c.org/ns/1.0" xmlns:xsi="http://www.w3.org/2001/XMLSchema-instance" xsi:schemaLocation="http://www.tei-c.org/ns/1.0 http://www.dlib.indiana.edu/lib/xml/vwwp/vwwp.xsd" xml:id="VAB7161">
    <teiHeader>
        <fileDesc>
            <titleStmt>
                <title>Songs and Other Verses</title>
                <author>Radford, Dollie (1858-1920)</author>
                <respStmt>
                    <resp>Transcribed and encoded by </resp>
                    <name>Felix Jung</name>
                </respStmt>
                <respStmt>
                    <resp>Edited by </resp>
                    <name>Perry Willett</name>
                </respStmt>
                <respStmt xml:id="bn">
                    <resp>E-text Editor</resp>
                    <name>Brian Norberg</name>
                </respStmt>
                <respStmt>
                    <resp>Corrected By</resp>
                    <name xml:id="elizabethmunson">Elizabeth Munson</name>
                </respStmt>
            </titleStmt>
            <extent>TEI formatted filesize uncompressed: approx. 55 kbytes</extent>
            <publicationStmt>
                <publisher>Digital Library Program, Indiana University</publisher>
                <pubPlace>Bloomington, IN</pubPlace>
                <date>December 20, 1995</date>
                <idno>VAB7161</idno>
                <availability status="unknown">
                    <p>© 2009, The Trustees of Indiana University. Indiana University makes a claim
                        of copyright only to original contributions made by the Victorian Women
                        Writers Project participants and other members of the university community.
                        Indiana University makes no claim of copyright to the original text.
                        Permission is granted to download, transmit or otherwise reproduce,
                        distribute or display the contributions to this work claimed by Indiana
                        University for non-profit educational purposes, provided that this header is
                        included in its entirety. For inquiries about commercial uses, please
                        contact:
                        <address><addrLine>Digital Library Program</addrLine><addrLine>Main Library</addrLine><addrLine>Indiana University</addrLine><addrLine>Bloomington, IN 47405</addrLine><addrLine>United States of America</addrLine><addrLine>EMail: diglib@indiana.edu</addrLine></address></p>
                </availability>
            </publicationStmt>
            <seriesStmt>
                <title>Victorian Women Writers Project: an Electronic Collection</title>
                <respStmt>
                    <name>Perry Willett, </name>
                    <resp>General Editor.</resp>
                </respStmt>
            </seriesStmt>
            <notesStmt>
                <note>The transcribed copy is from the Lilly Library, Indiana University. </note>
            </notesStmt>
            <sourceDesc>
                <biblFull>
                    <titleStmt>
                        <title>Song and Other Verses</title>
                        <author>Radford, Dollie</author>
                        <respStmt>
                            <resp>by </resp>
                            <name>Dollie Radford</name>
                        </respStmt>
                    </titleStmt>
                    <extent>93 p. </extent>
                    <publicationStmt>
                        <publisher>John Lane </publisher>
                        <pubPlace>London</pubPlace>
                        <date when="1895">1895</date>
                    </publicationStmt>
                </biblFull>
            </sourceDesc>
        </fileDesc>
        <encodingDesc>
            <editorialDecl><p><note n="false" xml:id="noPageImages">Page images not available for this text.</note></p>
                <p>All poems occur as DIV0. Sonnets are attributed as "type=sonnets"; the rest are
                    "type=poem". All quotation marks, hyphens, dashes, apostrophes and colons have
                    been transcribed as entity references. All &lt;lg&gt; (line groups) are
                    attributed as cantos, stanzas, couplets, verse paragraphs, etc. All poems with
                    regularly indented lines use the attribute "rend" in the &lt;l&gt; tag, with the
                    value "indent1" for one tab stop, "indent2" for two tab stops, etc. All split
                    lines are attributed as "type=i" for the initial portion, and "type=f" for the
                    final portion.</p>
                <p>All apostrophes and single right quotation marks are encoded as &amp;rsquo;.</p>
                <p>Any hyphens occurring in line breaks have been removed; all hyphens are encoded
                    as &amp;hyphen; and em dashes as &amp;mdash;.</p>
                <p>"List of Books in Belles Lettres, 1895" p.1-16 printed after p.93, has been
                    omitted.</p>
            </editorialDecl>
            <tagsDecl>
                <namespace name="http://www.tei-c.org/ns/1.0">
                    <tagUsage gi="address" occurs="1"/>
                    <tagUsage gi="addrline" occurs="6"/>
                    <tagUsage gi="author" occurs="1"/>
                    <tagUsage gi="availability" occurs="1"/>
                    <tagUsage gi="back" occurs="1"/>
                    <tagUsage gi="bibl" occurs="1"/>
                    <tagUsage gi="biblfull" occurs="1"/>
                    <tagUsage gi="body" occurs="1"/>
                    <tagUsage gi="byline" occurs="1"/>
                    <tagUsage gi="change" occurs="3"/>
                    <tagUsage gi="corr" occurs="1"/>
                    <tagUsage gi="date" occurs="5"/>
                    <tagUsage gi="div" occurs="3"/>
                    <tagUsage gi="div0" occurs="34"/>
                    <tagUsage gi="docauthor" occurs="1"/>
                    <tagUsage gi="docdate" occurs="1"/>
                    <tagUsage gi="docimprint" occurs="1"/>
                    <tagUsage gi="doctitle" occurs="1"/>
                    <tagUsage gi="editorialdecl" occurs="1"/>
                    <tagUsage gi="encodingdesc" occurs="1"/>
                    <tagUsage gi="extent" occurs="2"/>
                    <tagUsage gi="figure" occurs="1"/>
                    <tagUsage gi="filedesc" occurs="1"/>
                    <tagUsage gi="foreign" occurs="2"/>
                    <tagUsage gi="front" occurs="1"/>
                    <tagUsage gi="head" occurs="21"/>
                    <tagUsage gi="hi" occurs="34"/>
                    <tagUsage gi="item" occurs="37"/>
                    <tagUsage gi="l" occurs="819"/>
                    <tagUsage gi="language" occurs="2"/>
                    <tagUsage gi="langusage" occurs="1"/>
                    <tagUsage gi="lg" occurs="183"/>
                    <tagUsage gi="list" occurs="1"/>
                    <tagUsage gi="name" occurs="7"/>
                    <tagUsage gi="p" occurs="7"/>
                    <tagUsage gi="pb" occurs="87"/>
                    <tagUsage gi="profiledesc" occurs="1"/>
                    <tagUsage gi="publicationstmt" occurs="2"/>
                    <tagUsage gi="publisher" occurs="5"/>
                    <tagUsage gi="pubplace" occurs="5"/>
                    <tagUsage gi="ref" occurs="34"/>
                    <tagUsage gi="resp" occurs="7"/>
                    <tagUsage gi="respstmt" occurs="7"/>
                    <tagUsage gi="revisiondesc" occurs="1"/>
                    <tagUsage gi="seriesstmt" occurs="1"/>
                    <tagUsage gi="sourcedesc" occurs="1"/>
                    <tagUsage gi="tagsdecl" occurs="1"/>
                    <tagUsage gi="tagusage" occurs="55"/>
                    <tagUsage gi="tei.2" occurs="1"/>
                    <tagUsage gi="teiheader" occurs="1"/>
                    <tagUsage gi="text" occurs="1"/>
                    <tagUsage gi="title" occurs="3"/>
                    <tagUsage gi="titlepage" occurs="1"/>
                    <tagUsage gi="titlepart" occurs="1"/>
                    <tagUsage gi="titlestmt" occurs="2"/>
                </namespace>
            </tagsDecl>
            <classDecl>
                <taxonomy xml:id="lcsh">
                    <bibl>
                        <title>Library of Congress Subject Headings</title>
                        <ptr target="http://authorities.loc.gov/"/>
                        <note>
                            <p>Library of Congress Subject Headings originate from the source MARC
                                record for the monograph when available.</p>
                        </note>
                    </bibl>
                </taxonomy>
                <taxonomy xml:id="mla">
                    <bibl>
                        <title>Modern Language Association Thesaurus</title>
                        <ptr target="http://www.mla.org/publications/bibliography/howtouse_mlabiblio/howtosearchmlabiblio#mla" type="source"/>
                        <ptr target="http://dlib.indiana.edu/vocabulary/modernlangassocgenre/" type="webservice"/>
                        <note><p> The MLA Bibliography staff has created a thesaurus of over 50,000
                                terms and 200,000 names to ensure consistency in the terms and names
                                assigned during indexing. The VWWP project will utilize a subset of
                                the MLA Thesaurus to assign genre headings to the VWWP texts.
                            </p></note>
                    </bibl>
                </taxonomy>
            </classDecl>
        </encodingDesc>
        <profileDesc>
            <langUsage>
                <language ident="fre">French</language>
            </langUsage>
            <textClass>
                <keywords scheme="#mla">
                    <list>
                        <item><term ref="http://terminology.dlib.indiana.edu/vwwpgenre/poetry">poetry</term></item>
                    </list>
                </keywords>
            </textClass>
        </profileDesc>
        <revisionDesc>
            <change><date>1995-12-12</date><label>editor.</label><name>Felix Jung, </name>finished
                data entry, basic encoding and proofing</change>
            <change><date>1995-12-20</date><label>general editor.</label><name>Perry Willett,
                </name>finished TEI-conformant encoding and final proofing</change>
            <change><date>1996-10-19</date><label>general editor.</label><name>Perry Willett,
                </name>fixed entity references to be SDATA</change>
            <change><date>2005-02-06</date><label>Programmer</label><name>Mark Millard,
                </name>Converted from SGML to TEI-XML</change>
            <change when="2009-05-10" who="#bn">Coverted from P4 to P5</change>
            <change when="2009-10-27" who="#bn">Normalized id scheme and encoding</change>
            <change when="2010-08-03" who="elizabethmunson">Removed date and "a machine readable
                transcription" from fileDesc title</change>
            <change when="2010-08-03" who="elizabethmunson">Added LCNAF form of author name to
                sourceDesc and put fileDesc author name in last name, first name order</change>
            <change when="2010-08-03" who="elizabethmunson">Normalized date in
                biblFull/publicationStmt</change>
            <change when="2010-09-03" who="elizabethmunson">Added genre term</change>
            <change when="2010-09-03" who="elizabethmunson">Changed div type="back" to
                "docImprint"</change>
            <change when="2011-06-30" who="kateboeree">Added div type="book"</change>
            <change when="2011-08-13" who="maryborgo">Added heading for index and for poems</change>
        </revisionDesc>
    </teiHeader>
    <text>
        <front>
            <pb xml:id="VAB7161-001"/>
            <titlePage>
                <docTitle>
                    <titlePart type="main">Songs and Other Verses</titlePart>
                </docTitle>
                <byline>by <docAuthor>Dollie Radford</docAuthor></byline>
                <docImprint>
                    <pubPlace>London: </pubPlace>
                    <publisher>John Lane, The Bodley Head..... </publisher>
                    <pubPlace>Philadelphia: </pubPlace>
                    <docDate when="1895">MDCCCXCV</docDate>
                    <publisher>J.B. Lippincott, Co.</publisher>
                </docImprint>
            </titlePage>
            <pb n="7" xml:id="VAB7161-002"/>
            <div type="contents">
                <head>INDEX</head>
                <list type="simple">
                    <item>I could not through the burning day <ref target="#VAB7161-006" rend="right">13</ref></item>
                    <item>Because I built my nest so high <ref target="#VAB7161-007" rend="right">14</ref></item>
                    <item>My lover’s lute has golden strings <ref target="#VAB7161-009" rend="right">16</ref></item>
                    <item>If all the world were right <ref target="#VAB7161-011" rend="right">18</ref></item>
                    <item>If my poor words were colours <ref target="#VAB7161-012" rend="right">19</ref></item>
                    <item>The little songs which come and go <ref target="#VAB7161-013" rend="right">20</ref></item>
                    <item>When summer sweetness fills the land <ref target="#VAB7161-014" rend="right">21</ref></item>
                    <item>Ah bring it not so grudgingly <ref target="#VAB7161-015" rend="right">22</ref></item>
                    <item>How shall I in my pride array <ref target="#VAB7161-017" rend="right">24</ref></item>
                    <item>Outside your heart the lonely way <ref target="#VAB7161-019" rend="right">26</ref></item>
                    <item>Ah, Love, through what unfathomed deeps <ref target="#VAB7161-021" rend="right">28</ref></item>
                    <item>And will you sing the songs anew <ref target="#VAB7161-023" rend="right">30</ref></item>
                    <pb n="8" xml:id="VAB7161-003"/>
                    <item>How can I measure your sorrow <ref target="#VAB7161-026" rend="right">33</ref></item>
                    <item>If you will sing the songs I play <ref target="#VAB7161-027" rend="right">34</ref></item>
                    <item>Through all the golden summer time <ref target="#VAB7161-028" rend="right">35</ref></item>
                    <item>I do not love you very much <ref target="#VAB7161-029" rend="right">36</ref></item>
                    <item>To my children—Shall I make a song for you <ref target="#VAB7161-030" rend="right">37</ref></item>
                    <item>Sleep my little dearest one <ref target="#VAB7161-033" rend="right">40</ref></item>
                    <item>My little dear so fast asleep <ref target="#VAB7161-034" rend="right">41</ref></item>
                    <item>How the unknown poets die—In the light of a summer sky <ref target="#VAB7161-036" rend="right">43</ref></item>
                    <item>To the Caryatid in the Elgin Room, British Museum—So long ago, and day by
                        day <ref target="#VAB7161-041" rend="right">48</ref></item>
                    <item>Comrades—What shall I do when you pass by <ref target="#VAB7161-044" rend="right">51</ref></item>
                    <item>For windows by L. D.—Arising from her jewelled bower <ref target="#VAB7161-047" rend="right">54</ref></item>
                    <item>A Concert—Ah, was it all a fantasy <ref target="#VAB7161-048" rend="right">55</ref></item>
                    <item>To a Stranger—Last night I lay and dreamed of you <ref target="#VAB7161-051" rend="right">58</ref></item>
                    <item>October—From falling leaf to falling leaf <ref target="#VAB7161-054" rend="right">61</ref></item>
                    <item>In Summer days—Is it the sunshine on my eyes <ref target="#VAB7161-056" rend="right">63</ref></item>
                    <item>Nobody in Town—I stand upon my island home <ref target="#VAB7161-060" rend="right">67</ref></item>
                    <pb n="9" xml:id="VAB7161-004"/>
                    <item>A November rose—You came to see me yesterday <ref target="#VAB7161-062" rend="right">69</ref></item>
                    <item>A Model—Year after year I sit for them <ref target="#VAB7161-065" rend="right">72</ref></item>
                    <item>New Year Card—Greeting dear friend through shower and sun <ref target="#VAB7161-069" rend="right">76</ref></item>
                    <item>A Novice—What is it, in these latter days <ref target="#VAB7161-071" rend="right">78</ref></item>
                    <item>From the Suburbs—It rushes home our own express <ref target="#VAB7161-075" rend="right">82</ref></item>
                    <item>From our Emancipated Aunt in Town—All has befallen as I say <ref target="#VAB7161-080" rend="right">87</ref></item>
                </list>
            </div>
        </front>
        <body>
            <pb xml:id="VAB7161-005"/>
            <div type="book">
                <head type="suppressed">SONGS</head>
                <pb n="13" xml:id="VAB7161-006"/>
                <div type="poem">
                    <head type="supplied">I could not through the burning day</head>
                    <lg type="verse_paragraph">
                        <l><hi>I COULD</hi> not through the burning day</l>
                        <l rend="ti-1">In hope prevail,</l>
                        <l>Beside my task I could not stay,</l>
                        <l rend="ti-1">If love should fail.</l>
                    </lg>
                    <lg type="verse_paragraph">
                        <l>Nor underneath the evening sky,</l>
                        <l rend="ti-1">When labours cease,</l>
                        <l>Fold both my tired hands and lie</l>
                        <l rend="ti-1">At last in peace.</l>
                    </lg>
                    <lg type="verse_paragraph">
                        <l>Ah, what to me in death or life</l>
                        <l rend="ti-1">Could then avail!</l>
                        <l>I dare not ask for rest or strife</l>
                        <l rend="ti-1">If love should fail.</l>
                    </lg>
                </div>
                <pb n="14" xml:id="VAB7161-007"/>
                <div type="poem">
                    <head type="supplied">Because I built my nest so high</head>
                    <lg type="verse_paragraph">
                        <l><hi>BECAUSE</hi> I built my nest so high,</l>
                        <l rend="ti-1">Must I despair</l>
                        <l>If a fierce wind, with bitter cry,</l>
                        <l>Passes the lower branches by,</l>
                        <l rend="ti-1">And mine makes bare?</l>
                    </lg>
                    <lg type="verse_paragraph">
                        <l>Because I hung it, in my pride</l>
                        <l rend="ti-1">So near the skies,</l>
                        <l>Higher than other nests abide,</l>
                        <l>Must I lament if far and wide</l>
                        <l rend="ti-1">It scattered lies?</l>
                    </lg>
                    <pb n="15" xml:id="VAB7161-008"/>
                    <lg type="verse_paragraph">
                        <l>I shall but build, and build my best,</l>
                        <l rend="ti-1">Till, safety won,</l>
                        <l>I hang aloft my new‐made nest,</l>
                        <l>High as of old, and see it rest</l>
                        <l rend="ti-1">As near the sun.</l>
                    </lg>
                </div>
                <pb n="16" xml:id="VAB7161-009"/>
                <div type="poem">
                    <head type="supplied">My lover's lute has golden strings</head>
                    <lg type="verse_paragraph">
                        <l><hi>MY</hi> lover’s lute has golden strings,</l>
                        <l rend="ti-1">Bright as the sunlight in the air,</l>
                        <l>My lover touches them and sings</l>
                        <l rend="ti-1">His happy music everywhere.</l>
                    </lg>
                    <lg type="verse_paragraph">
                        <l>My lover’s eyes see very far,</l>
                        <l rend="ti-1">Through the great toiling in the street,</l>
                        <l>To where the sea and mountains are,</l>
                        <l rend="ti-1">And all the land lies still and sweet.</l>
                    </lg>
                    <lg type="verse_paragraph">
                        <l>My lover’s lips are very kind,</l>
                        <l rend="ti-1">He smiles on all who pass him by,</l>
                        <l>And all who pass him, leave behind</l>
                        <l rend="ti-1">A greeting, with a smile or sigh.</l>
                    </lg>
                    <pb n="17" xml:id="VAB7161-010"/>
                    <lg type="verse_paragraph">
                        <l>My lover’s heart, ah none may say</l>
                        <l rend="ti-1">How tenderly it beats for me,</l>
                        <l>And, if I took my love away,</l>
                        <l rend="ti-1">How silent all its song would be.</l>
                    </lg>
                </div>
                <pb n="18" xml:id="VAB7161-011"/>
                <div type="poem">
                    <head type="supplied">If all the world were right</head>
                    <lg type="verse_paragraph">
                        <l><hi>IF</hi> all the world were right,</l>
                        <l rend="ti-1">How fair our love would grow,</l>
                        <l>At what a golden height</l>
                        <l rend="ti-1">Its spotless flower could blow.</l>
                    </lg>
                    <lg type="verse_paragraph">
                        <l>Through what untroubled air</l>
                        <l rend="ti-1">Its fragrant boughs would spread,</l>
                        <l>On fruit how sweet and rare</l>
                        <l rend="ti-1">Should we be freely fed.</l>
                    </lg>
                    <lg type="verse_paragraph">
                        <l>But ah, what could we tend,</l>
                        <l rend="ti-1">With sorrow and delight,</l>
                        <l>Our hearts how should we spend,</l>
                        <l rend="ti-1">If all the world were right!</l>
                    </lg>
                </div>
                <pb n="19" xml:id="VAB7161-012"/>
                <div type="poem">
                    <head type="supplied">If my poor words were colours</head>
                    <lg type="verse_paragraph">
                        <l><hi>IF</hi> my poor words were colours,</l>
                        <l rend="ti-1">A magic brush my pen,</l>
                        <l>Ah me, what radiant pages</l>
                        <l rend="ti-1">My songs would make you then.</l>
                    </lg>
                    <lg type="verse_paragraph">
                        <l>The fairest tints of morning</l>
                        <l rend="ti-1">Should picture hopes for you,</l>
                        <l>My joy in your sweet living,</l>
                        <l rend="ti-1">The sky’s divinest blue.</l>
                    </lg>
                    <lg type="verse_paragraph">
                        <l>In purple and in crimson</l>
                        <l rend="ti-1">My thoughts of you should twine,</l>
                        <l>And through them all my love, dear</l>
                        <l rend="ti-1">In purest gold would shine.</l>
                    </lg>
                </div>
                <pb n="20" xml:id="VAB7161-013"/>
                <div type="poem">
                    <head type="supplied">The little songs which come and go</head>
                    <lg type="verse_paragraph">
                        <l><hi>THE</hi> little songs which come and go,</l>
                        <l>In tender measures, to and fro,</l>
                        <l>Whene’er the day brings you to me,</l>
                        <l>Keep my heart full of melody.</l>
                    </lg>
                    <lg type="verse_paragraph">
                        <l>But on my lute I strive in vain</l>
                        <l>To play the music o’er again,</l>
                        <l>And you, dear love, will never know</l>
                        <l>The little songs which come and go.</l>
                    </lg>
                </div>
                <pb n="21" xml:id="VAB7161-014"/>
                <div type="poem">
                    <head type="supplied">When summer sweetness fills the land</head>
                    <lg type="verse_paragraph">
                        <l><hi>WHEN</hi> summer sweetness fills the land,</l>
                        <l rend="ti-1">And summer sunlight floods the sea,</l>
                        <l>When ships sail by on either hand,</l>
                        <l rend="ti-1">A richly laden argosy;</l>
                        <l>Oh may my boat, well freighted, ride</l>
                        <l>With priceless treasures on the tide.</l>
                    </lg>
                    <lg type="verse_paragraph">
                        <l>When cruel winds beat on the sea,</l>
                        <l rend="ti-1">And angry clouds blot out the land,</l>
                        <l>When on the waters close to me</l>
                        <l rend="ti-1">The shattered ships drift by unmanned,</l>
                        <l>O may my heart be strong to bear</l>
                        <l>Its portion, in the great despair.</l>
                    </lg>
                </div>
                <pb n="22" xml:id="VAB7161-015"/>
                <div type="poem">
                    <head type="supplied">Ah, bring it not so grudgingly</head>
                    <lg type="verse_paragraph">
                        <l><hi>AH</hi>, bring it not so grudgingly,</l>
                        <l rend="ti-1">The gift thou bringest me,</l>
                        <l>Thy kind hands shining from afar</l>
                        <l rend="ti-1">Let me in welcome see,</l>
                        <l>And know the treasure that they hold,</l>
                        <l>For purest gold.</l>
                    </lg>
                    <lg type="verse_paragraph">
                        <l>And with glad feet that linger not,</l>
                        <l rend="ti-1">Come through the summer land,</l>
                        <l>Through the sweet fragrance of the flowers,</l>
                        <l rend="ti-1">Swiftly to where I stand,</l>
                        <l>And in the sunshine let me wear</l>
                        <l>Thy token rare.</l>
                    </lg>
                    <pb n="23" xml:id="VAB7161-016"/>
                    <lg type="verse_paragraph">
                        <l>Fairer for me will be the day,</l>
                        <l rend="ti-1">Fair all the days will be,</l>
                        <l>And thy rich gift upon my breast</l>
                        <l rend="ti-1">Will make me fair to see;</l>
                        <l>And beautiful, through all the years,</l>
                        <l>In joys and tears.</l>
                    </lg>
                    <lg type="verse_paragraph">
                        <l>Ah come, and coming do not ask</l>
                        <l rend="ti-1">The answering gift of mine,</l>
                        <l>Thou hast the pride of offering,</l>
                        <l rend="ti-1">Taste now the joy divine,</l>
                        <l>And come, content to pass to‐day</l>
                        <l>Empty away.</l>
                    </lg>
                </div>
                <pb n="24" xml:id="VAB7161-017"/>
                <div type="poem">
                    <head type="supplied">How shall I, in my pride, array</head>
                    <lg type="verse_paragraph">
                        <l><hi>HOW</hi> shall I, in my pride, array</l>
                        <l rend="ti-2">The one I choose,</l>
                        <l>What purple and what gems display</l>
                        <l rend="ti-2">For her to use,</l>
                        <l>What flowing silk and flowered hem,</l>
                        <l rend="ti-2">What diadem?</l>
                    </lg>
                    <lg type="verse_paragraph">
                        <l>What shall I, in my love, desire</l>
                        <l rend="ti-2">Her eyes to see,</l>
                        <l>When she steps forth in her attire</l>
                        <l rend="ti-2">So daintily,</l>
                        <l>What pathway shall I deem most meet</l>
                        <l rend="ti-2">For her dear feet?</l>
                    </lg>
                    <pb n="25" xml:id="VAB7161-018"/>
                    <lg type="verse_paragraph">
                        <l>Each thread of gold, in Heaven wrought,</l>
                        <l rend="ti-2">Which I receive</l>
                        <l>To fashion my divinest thought,</l>
                        <l rend="ti-2">I will inweave,</l>
                        <l>And twine a rare and royal dress</l>
                        <l rend="ti-2">For my princess.</l>
                    </lg>
                    <lg type="verse_paragraph">
                        <l>In her clear sight the magic earth</l>
                        <l rend="ti-2">Shall all be fair,</l>
                        <l>No evil thing will come to birth</l>
                        <l rend="ti-2">In her pure air,</l>
                        <l>All paths shall turn to fragrant ways</l>
                        <l rend="ti-2">Wherein she strays.</l>
                    </lg>
                </div>
                <pb n="26" xml:id="VAB7161-019"/>
                <div type="poem">
                    <head type="supplied">Outside your heart the lonely way</head>
                    <lg type="verse_paragraph">
                        <l><hi>OUTSIDE</hi> your heart the lonely way</l>
                        <l rend="ti-1">Is dark and cold,</l>
                        <l>There is no light nor guiding ray,</l>
                        <l rend="ti-1">From any fold.</l>
                    </lg>
                    <lg type="verse_paragraph">
                        <l>Through all the black encircling air</l>
                        <l rend="ti-1">And blinding rain,</l>
                        <l>I stretch my hands, in my despair,</l>
                        <l rend="ti-1">For help in vain.</l>
                    </lg>
                    <lg type="verse_paragraph">
                        <l>The wind blows downward from the hills</l>
                        <l rend="ti-1">In fierce unrest,</l>
                        <l>And bears me wheresoe’er it wills,</l>
                        <l rend="ti-1">Upon its breast.</l>
                    </lg>
                    <pb n="27" xml:id="VAB7161-020"/>
                    <lg type="verse_paragraph">
                        <l>Oh let your heart be opened wide,</l>
                        <l rend="ti-1">For pity’s sake,</l>
                        <l>And bid me come again inside,</l>
                        <l rend="ti-1">Where mine may break.</l>
                    </lg>
                </div>
                <pb n="28" xml:id="VAB7161-021"/>
                <div type="poem">
                    <head type="supplied">Ah, Love, through what unfathomed deeps</head>
                    <lg type="verse_paragraph">
                        <l><hi>AH</hi>, Love, through what unfathomed deeps</l>
                        <l rend="ti-1">Thy feet have sped,</l>
                        <l>Up what bare hills and barren steeps</l>
                        <l rend="ti-1">Thy hands have led,</l>
                        <l>What bitter nights and burning days</l>
                        <l>Have marked thy ways.</l>
                    </lg>
                    <lg type="verse_paragraph">
                        <l>And I have followed all the while,</l>
                        <l rend="ti-1">So close to thee,</l>
                        <l>Hoping thou wouldest turn and smile,</l>
                        <l rend="ti-1">To gladden me,</l>
                        <l>To tell me we should safely come</l>
                        <l>To thy fair home.</l>
                    </lg>
                    <pb n="29" xml:id="VAB7161-022"/>
                    <lg type="verse_paragraph">
                        <l>But thou dost ever onward press,</l>
                        <l rend="ti-1">With hidden face,</l>
                        <l>Ah surely none may wear thy dress,</l>
                        <l rend="ti-1">None take thy place;</l>
                        <l>Ah tell me it is thou indeed</l>
                        <l>With whom I speed.</l>
                    </lg>
                    <lg type="verse_paragraph">
                        <l>Dear Love, dear Love, thy tightening hand</l>
                        <l rend="ti-1">Is stern and cold,</l>
                        <l>I see the gates of thy great land</l>
                        <l rend="ti-1">Grown clear and bold,</l>
                        <l>And Death, alone, comes forth in peace,</l>
                        <l>To my release.</l>
                    </lg>
                </div>
                <pb n="30" xml:id="VAB7161-023"/>
                <div type="poem">
                    <head type="supplied">And will you sing the songs anew</head>
                    <lg type="verse_paragraph">
                        <l><hi>AND</hi> will you sing the songs anew,</l>
                        <l rend="ti-1">The songs you made for me,</l>
                        <l>When, in the sunrise and the dew,</l>
                        <l>The earth seemed made so fair, for you</l>
                        <l rend="ti-1">To turn to melody?</l>
                    </lg>
                    <lg type="verse_paragraph">
                        <l>And will you seek the flowers again</l>
                        <l rend="ti-1">You gathered in the spring,</l>
                        <pb n="31" xml:id="VAB7161-024"/>
                        <l>Sweet flowers, fragrant with the rain</l>
                        <l>Of tears you will not weep again,</l>
                        <l rend="ti-1">In all your gathering?</l>
                    </lg>
                    <lg type="verse_paragraph">
                        <l>Ah no, the morning songs are sung,</l>
                        <l rend="ti-1">And Time treads on apace,</l>
                        <l>High overhead the sun is hung,</l>
                        <l>While in its heat your life is swung,</l>
                        <l rend="ti-1">God grant you fullest grace!</l>
                    </lg>
                    <lg type="verse_paragraph">
                        <l>And tuneful ear to string your lute</l>
                        <l rend="ti-1">To every season’s range,</l>
                        <l>Until your lips are cold and mute,</l>
                        <l>Till song and blossom bear their fruit</l>
                        <l rend="ti-1">In the great changeless change.</l>
                    </lg>
                    <pb n="32" xml:id="VAB7161-025"/>
                    <lg type="verse_paragraph">
                        <l>And when the last full numbers break,</l>
                        <l rend="ti-1">The songs you made for me</l>
                        <l>Shall stir, as when the birds awake,</l>
                        <l>And in your heart sweet singing make,</l>
                        <l rend="ti-1">Of golden memory.</l>
                    </lg>
                </div>
                <pb n="33" xml:id="VAB7161-026"/>
                <div type="poem">
                    <head type="supplied">How can I measure your sorrow</head>
                    <lg type="verse_paragraph">
                        <l><hi>HOW</hi> can I measure your sorrow,</l>
                        <l rend="ti-1">How do I know</l>
                        <l>The weight of to‐day and to‐morrow,</l>
                        <l rend="ti-1">Of days long ago,</l>
                        <l>The grief, and the burden to follow,</l>
                        <l rend="ti-1">Which speech may not show?</l>
                    </lg>
                    <lg type="verse_paragraph">
                        <l>Deep in my heart is the measure,</l>
                        <l rend="ti-1">Laid by the years,</l>
                        <l>To fathom, beneath all your pleasure</l>
                        <l rend="ti-1">The flood of your tears,</l>
                        <l>To mark all the desolate leisure</l>
                        <l rend="ti-1">Your lonely heart fears.</l>
                    </lg>
                </div>
                <pb n="34" xml:id="VAB7161-027"/>
                <div type="poem">
                    <head type="supplied">If you will sing the songs I play</head>
                    <lg type="verse_paragraph">
                        <l><hi>IF</hi> you will sing the songs I play,</l>
                        <l rend="ti-1">Then you shall be my dear,</l>
                        <l>And I will cherish you alway,</l>
                        <l rend="ti-1">And love you far and near;</l>
                        <l>If you will, in sweet singing, say</l>
                        <l>The songs I play.</l>
                    </lg>
                    <lg type="verse_paragraph">
                        <l>And if to all my deeper strain</l>
                        <l rend="ti-1">A golden rhyme you learn,</l>
                        <l>Ah me, to what a rich refrain</l>
                        <l rend="ti-1">My striving chords shall turn;</l>
                        <l>If you will learn the deeper strain,</l>
                        <l>The great refrain.</l>
                    </lg>
                </div>
                <pb n="35" xml:id="VAB7161-028"/>
                <div type="poem">
                    <head type="supplied">Through all the golden summer-time</head>
                    <lg type="verse_paragraph">
                        <l><hi>THROUGH</hi> all the golden summer‐time</l>
                        <l rend="ti-1">Your fancy follows me,</l>
                        <l>As lightly as the thistle‐down</l>
                        <l rend="ti-1">Comes floating out to sea.</l>
                    </lg>
                    <lg type="verse_paragraph">
                        <l>Frailer than any flower that grows</l>
                        <l rend="ti-1">Beside the changing tide,</l>
                        <l>It braves the waters carelessly,</l>
                        <l rend="ti-1">Where I, in danger, ride.</l>
                    </lg>
                    <lg type="verse_paragraph">
                        <l>Oh bid them both fly home again,</l>
                        <l rend="ti-1">Such fair and fragile things,</l>
                        <l>Lest I may strive to capture them,</l>
                        <l rend="ti-1">To cheer my wanderings.</l>
                    </lg>
                </div>
                <pb n="36" xml:id="VAB7161-029"/>
                <div type="poem">
                    <head type="supplied">I do not love you very much</head>
                    <lg type="verse_paragraph">
                        <l><hi>I DO</hi> not love you very much,</l>
                        <l rend="ti-1">Only your tuneful voice,</l>
                        <l>Which, in a happy moment, takes</l>
                        <l rend="ti-1">The music of my choice.</l>
                    </lg>
                    <lg type="verse_paragraph">
                        <l>I do not love you, dear, at all,</l>
                        <l rend="ti-1">Only your merry ways,</l>
                        <l>Which linger in my mind, and set</l>
                        <l rend="ti-1">Me dreaming through the days.</l>
                    </lg>
                    <lg type="verse_paragraph">
                        <l>In truth, I think it is dislike</l>
                        <l rend="ti-1">You kindle in my heart,</l>
                        <l>Because you come so joyously</l>
                        <l rend="ti-1">To steal so large a part.</l>
                    </lg>
                </div>
                <pb n="37" xml:id="VAB7161-030"/>
                <div type="poem">
                    <head>TO MY CHILDREN</head>
                    <lg type="verse_paragraph">
                        <l><hi>SHALL</hi> I make a song for you</l>
                        <l rend="ti-2">Children dear,</l>
                        <l>Not too hard or long for you,</l>
                        <l rend="ti-2">Just as clear</l>
                        <l>As your lives which opened so,</l>
                        <l rend="ti-2">A while ago?</l>
                    </lg>
                    <lg type="verse_paragraph">
                        <l>How shall I find any word</l>
                        <l rend="ti-2">Old or new,</l>
                        <l>That the wise earth has not heard</l>
                        <l rend="ti-2">Ages through,</l>
                        <l>Ever since her ways grew sweet</l>
                        <l rend="ti-2">With little feet?</l>
                    </lg>
                    <pb n="38" xml:id="VAB7161-031"/>
                    <lg type="verse_paragraph">
                        <l>How you bless my day and hour,</l>
                        <l rend="ti-2">She can say,</l>
                        <l>As the sweet spotless flower</l>
                        <l rend="ti-2">Of her <choice>
                                <corr>May</corr>
                                <sic>may</sic>
                            </choice></l>
                        <l>Lies in fullest bloom at rest,</l>
                        <l rend="ti-2">Upon her breast.</l>
                    </lg>
                    <lg type="verse_paragraph">
                        <l>All the happy service done,</l>
                        <l rend="ti-2">Well she knows,</l>
                        <l>All the longing, and the one</l>
                        <l rend="ti-2">Prayer that goes</l>
                        <l>Trembling through the unknown years,</l>
                        <l rend="ti-2">For you my dears.</l>
                    </lg>
                    <pb n="39" xml:id="VAB7161-032"/>
                    <lg type="verse_paragraph">
                        <l>How I love you, she repeats,</l>
                        <l rend="ti-2">How rejoice,</l>
                        <l>All my singing she completes,</l>
                        <l rend="ti-2">For my voice,</l>
                        <l>Of the song in her great heart,</l>
                        <l rend="ti-2">Is but a part.</l>
                    </lg>
                </div>
                <pb n="40" xml:id="VAB7161-033"/>
                <div type="poem">
                    <head type="supplied">Sleep my little dearest one</head>
                    <lg type="verse_paragraph">
                        <l><hi>SLEEP</hi> my little dearest one,</l>
                        <l rend="ti-1">I will guard thy sleep,</l>
                        <l>Safely little nearest one,</l>
                        <l rend="ti-1">I will hold thee deep,</l>
                        <l>In the dark unfathomed sea</l>
                        <l>Where sweet dreams are made for thee.</l>
                    </lg>
                    <lg type="verse_paragraph">
                        <l>Rest my little baby dear,</l>
                        <l rend="ti-1">I will watch thy rest,</l>
                        <l>Thou shalt feel the waters near,</l>
                        <l rend="ti-1">Only on my breast;</l>
                        <l>In the strong and tender tide,</l>
                        <l>Still my love shall be thy guide.</l>
                    </lg>
                </div>
                <pb n="41" xml:id="VAB7161-034"/>
                <div type="poem">
                    <head type="supplied">My little dear, so fast asleep</head>
                    <lg type="verse_paragraph">
                        <l><hi>MY</hi> little dear, so fast asleep,</l>
                        <l rend="ti-1">Whose arms about me cling,</l>
                        <l>What kisses shall she have to keep,</l>
                        <l rend="ti-1">While she is slumbering?</l>
                    </lg>
                    <lg type="verse_paragraph">
                        <l>Upon her golden baby‐hair,</l>
                        <l rend="ti-1">The golden dreams I’ll kiss</l>
                        <l>Which Life spread through my morning fair,</l>
                        <l rend="ti-1">And I have saved, for this.</l>
                    </lg>
                    <lg type="verse_paragraph">
                        <l>Upon her baby eyes I’ll press</l>
                        <l rend="ti-1">The kiss Love gave to me,</l>
                        <l>When his great joy and loveliness</l>
                        <l rend="ti-1">Made all things fair to see.</l>
                    </lg>
                    <pb n="42" xml:id="VAB7161-035"/>
                    <lg type="verse_paragraph">
                        <l>And on her lips, with smiles astir,</l>
                        <l rend="ti-1">Ah me, what prayer of old</l>
                        <l>May now be kissed to comfort her,</l>
                        <l rend="ti-1">Should Love or Life grow cold.</l>
                    </lg>
                </div>
                <pb n="43" xml:id="VAB7161-036"/>
                <div type="poem">
                    <head>HOW THE UNKNOWN POETS DIE.</head>
                    <lg type="verse_paragraph">
                        <l><hi>IN</hi> the light of a summer sky,</l>
                        <l rend="ti-1">In the warmth of a noon‐day sun,</l>
                        <l>With the roses in fullest bloom,</l>
                        <l rend="ti-1">With the gold of the hours to run;</l>
                        <l>With the earth breathing deep for joy</l>
                        <l rend="ti-1">Of the riches that deck her breast,</l>
                        <l>With her promises new and sweet,</l>
                        <l rend="ti-1">They pass to their early rest.</l>
                    </lg>
                    <pb n="44" xml:id="VAB7161-037"/>
                    <lg type="verse_paragraph">
                        <l>In the busy and eager town,</l>
                        <l rend="ti-1">In the desolate crowded street,</l>
                        <l>In a passionate great despair</l>
                        <l rend="ti-1">For the face which they do not meet;</l>
                        <l>With the world passing heedless by</l>
                        <l rend="ti-1">In its pleasure and pride and strife,</l>
                        <l>While its magical pulses beat</l>
                        <l rend="ti-1">They silently slip from life.</l>
                    </lg>
                    <lg type="verse_paragraph">
                        <l>For the want of a tender hand</l>
                        <l rend="ti-1">To lead lovingly through the flowers,</l>
                        <l>To the place where their home was laid</l>
                        <l rend="ti-1">With its treasure of tuneful hours,<pb n="45" xml:id="VAB7161-038"/></l>
                        <l>Long ago when the earth was young,</l>
                        <l rend="ti-1">By the spirits of land and sea,</l>
                        <l>In the quest of their hidden home</l>
                        <l rend="ti-1">They close their eyes mournfully.</l>
                    </lg>
                    <lg type="verse_paragraph">
                        <l>For the need of a kindly voice</l>
                        <l rend="ti-1">To bid theirs arise clear and strong,</l>
                        <l>To remind them the world has need,</l>
                        <l rend="ti-1">Ever need of a helping song;</l>
                        <l>For the want of a healing word</l>
                        <l rend="ti-1">For their hurts on the stony way,</l>
                        <l>For the want of their daily bread</l>
                        <l rend="ti-1">They pass, as the chosen may.</l>
                    </lg>
                    <pb n="46" xml:id="VAB7161-039"/>
                    <lg type="verse_paragraph">
                        <l>With the tears in their tired hearts,</l>
                        <l rend="ti-1">Burning tears which they dared not weep,</l>
                        <l>In the sorrows that gave them birth,</l>
                        <l rend="ti-1">In the watches they had to keep;</l>
                        <l>In the love which they gave and sought,</l>
                        <l rend="ti-1">In the longings they strove to quell,</l>
                        <l>In the life which they tried to live,</l>
                        <l rend="ti-1">And passing, for them, is well.</l>
                    </lg>
                    <lg type="verse_paragraph">
                        <l>In the flood of a triumph song,</l>
                        <l rend="ti-1">From the burden of words set free,</l>
                        <l>In the beautiful last release</l>
                        <l rend="ti-1">Of a striving life melody;<pb n="47" xml:id="VAB7161-040"/></l>
                        <l>In the brightest of all their hopes,</l>
                        <l rend="ti-1">In the sweetness of sweetest days,</l>
                        <l>In the fairness of fairest dreams,</l>
                        <l rend="ti-1">They welcome the unknown ways.</l>
                    </lg>
                    <lg type="verse_paragraph">
                        <l>In the strength of a last resolve,</l>
                        <l rend="ti-1">If their life should return again,</l>
                        <l>To be glad of the bitter road,</l>
                        <l rend="ti-1">To be glad of the hurt and pain;</l>
                        <l>For the sake of the radiant heights</l>
                        <l rend="ti-1">They had climbed ere the years were spent,</l>
                        <l>For the joy of the moments there,</l>
                        <l rend="ti-1">They die, and are well content.</l>
                    </lg>
                </div>
                <pb n="48" xml:id="VAB7161-041"/>
                <div type="poem">
                    <head>TO THE CARYATID</head>
                    <head type="sub">In the Elgin Room—British Museum.</head>
                    <lg type="verse_paragraph">
                        <l><hi>SO</hi> long ago, and day by day,</l>
                        <l>I came to learn from you, to pray,</l>
                        <l>You did not hear, you did not know</l>
                        <l>The thing I craved, so long ago.</l>
                    </lg>
                    <lg type="verse_paragraph">
                        <l>The days were always days of spring,</l>
                        <l>Hope laid her hand on every thing,</l>
                        <l>And in your golden room, on me,</l>
                        <l>She rested it most lovingly.</l>
                    </lg>
                    <pb n="49" xml:id="VAB7161-042"/>
                    <lg type="verse_paragraph">
                        <l>Of all the season’s sun and showers,</l>
                        <l>I gathered up the fairest flowers,</l>
                        <l>And brought my garlands, fresh and sweet,</l>
                        <l>To place in gladness at your feet.</l>
                    </lg>
                    <lg type="verse_paragraph">
                        <l>And prayed to stand in strength, as you,</l>
                        <l>Through the long years untried and new,</l>
                        <l>With dauntless mien and steadfast gaze,</l>
                        <l>To bear the burden of the days.</l>
                    </lg>
                    <lg type="verse_paragraph">
                        <l>Now many tired years are told,</l>
                        <l>My prayer long since is dead and cold,</l>
                        <l>You were too wise to grant it me,</l>
                        <l>Although I prayed so patiently.</l>
                    </lg>
                    <pb n="50" xml:id="VAB7161-043"/>
                    <lg type="verse_paragraph">
                        <l>But at your feet my flowers lie,</l>
                        <l>The happy flowers which cannot die,</l>
                        <l>I see them through my tears, and know</l>
                        <l>They are as sweet as long ago.</l>
                    </lg>
                </div>
                <pb n="51" xml:id="VAB7161-044"/>
                <div type="poem">
                    <head>COMRADES.</head>
                    <lg type="verse_paragraph">
                        <l><hi>WHAT</hi> shall I do when you pass by</l>
                        <l>And gaze at me so quietly,</l>
                        <l>What shall I give of all my store,</l>
                        <l>To help you to your joy once more!</l>
                    </lg>
                    <lg type="verse_paragraph">
                        <l>Some jewelled gift, some treasured thing,</l>
                        <l>I had not meant for offering;</l>
                        <l>Shall I not bid you take the whole</l>
                        <l>Of what I prize, to heal your soul!</l>
                    </lg>
                    <lg type="verse_paragraph">
                        <l>For I have seen the lonely track,</l>
                        <l>The cruel chasms, bitter black,</l>
                        <l>The stony roads no pastures meet,</l>
                        <l>Which you have pressed with bleeding feet.</l>
                    </lg>
                    <pb n="52" xml:id="VAB7161-045"/>
                    <lg type="verse_paragraph">
                        <l>And heard afar the dire refrain,</l>
                        <l>Which beat upon your heart and brain,</l>
                        <l>The thunders through your darkness hurled,</l>
                        <l>Fraught with the griefs of all the world.</l>
                    </lg>
                    <lg type="verse_paragraph">
                        <l>And I have known the tears, the strife,</l>
                        <l>Which wasted all your gold of life,</l>
                        <l>The precious hoard God meant should last,</l>
                        <l>Till your perfectèd years were past.</l>
                    </lg>
                    <lg type="verse_paragraph">
                        <l>And pictured the relentless days,</l>
                        <l>Through which the sunlight never strays,</l>
                        <l>Stretching before you like a sea,</l>
                        <l>Ever more dark and drearily.</l>
                    </lg>
                    <pb n="53" xml:id="VAB7161-046"/>
                    <lg type="verse_paragraph">
                        <l>What shall I give, what shall I say</l>
                        <l>To help you on your lonely way,</l>
                        <l>A kindly hand, a smile or so,</l>
                        <l>A gentler glance—for all I know?</l>
                    </lg>
                    <lg type="verse_paragraph">
                        <l>May be a tender word or two,</l>
                        <l>At most a prayer, or tear for you,</l>
                        <l>And strength to tell you help is vain,</l>
                        <l>Dead joys do never rise again.</l>
                    </lg>
                </div>
                <pb n="54" xml:id="VAB7161-047"/>
                <div type="poem">
                    <head>FOR WINDOWS BY L. D.</head>
                    <lg type="verse_paragraph">
                        <l><hi>ARISING</hi> from her jewelled bower,</l>
                        <l rend="ti-1">Dawn steps from out the flaming sky,</l>
                        <l>And in her hand are hopes that flower,</l>
                        <l rend="ti-1">And at her feet the hours that die.</l>
                    </lg>
                    <lg type="verse_paragraph">
                        <l>And ere the darkest shadows fall,</l>
                        <l rend="ti-1">Sweet Evening comes from twilight lands,</l>
                        <l>And pours her peace upon us all,</l>
                        <l rend="ti-1">And touches us with healing hands.</l>
                    </lg>
                </div>
                <pb n="55" xml:id="VAB7161-048"/>
                <div type="poem">
                    <head>A CONCERT.</head>
                    <lg type="verse_paragraph">
                        <l><hi>AH</hi>, was it all a fantasy,</l>
                        <l rend="ti-1">You in your distant stall,</l>
                        <l>The silver stream of melody</l>
                        <l rend="ti-1">Which floated through the hall,</l>
                        <l>And I, in my obscurer place,</l>
                        <l>Gazing upon your flower‐faces?</l>
                    </lg>
                    <pb n="56" xml:id="VAB7161-049"/>
                    <lg type="verse_paragraph">
                        <l>Around you how the music clung</l>
                        <l rend="ti-1">And trembled, till a sea</l>
                        <l>Of passion was unbound and swung</l>
                        <l rend="ti-1">Between your face and me;</l>
                        <l>And you were hidden from my sight,</l>
                        <l>Plunged into waves of blackest night.</l>
                    </lg>
                    <lg type="verse_paragraph">
                        <l>And when the strife and tumult ceased,</l>
                        <l rend="ti-1">The music wandered far,</l>
                        <l>From all its human load released,</l>
                        <l rend="ti-1">To moon and evening star,</l>
                        <l>Where a few notes most clear and true,</l>
                        <l>Pierced the deep Heaven’s deepest blue.</l>
                    </lg>
                    <pb n="57" xml:id="VAB7161-050"/>
                    <lg type="verse_paragraph">
                        <l>Ah, was it all a fantasy!</l>
                        <l rend="ti-1">The outer world we reach,</l>
                        <l>As cold and distant as may be,</l>
                        <l rend="ti-1">A stranger, each to each;</l>
                        <l>But in my heart a sound so sweet,</l>
                        <l rend="ti-1">All Paradise is in the street.</l>
                    </lg>
                </div>
                <pb n="58" xml:id="VAB7161-051"/>
                <div type="poem">
                    <head>TO A STRANGER.</head>
                    <lg type="verse_paragraph">
                        <l><hi>LAST</hi> night I lay and dreamed of you,</l>
                        <l rend="ti-1">Through all the wind and rain,</l>
                        <l>So close a part I seemed of you,</l>
                        <l rend="ti-1">I could not wake again;</l>
                        <l>Sunk in your spirit, deep, so deep,</l>
                        <l>In the blue caverns of my sleep.</l>
                    </lg>
                    <lg type="verse_paragraph">
                        <l>Your face seemed full of love for me,</l>
                        <l rend="ti-1">You knew my heart’s desire,</l>
                        <l>Vague and unquiet as the sea,</l>
                        <l rend="ti-1">For which I toil and tire</l>
                        <pb n="59" xml:id="VAB7161-052"/>
                        <l>With prayer and pilgrimage and tears,</l>
                        <l>Through all the rolling of the years.</l>
                    </lg>
                    <lg type="verse_paragraph">
                        <l>You welcomed me with gentle hands,</l>
                        <l rend="ti-1">As one expected long,</l>
                        <l>The earth seemed made of golden lands,</l>
                        <l rend="ti-1">And life an angel‐song,</l>
                        <l>Fervent and full from rise to fall,</l>
                        <l>With God’s great music through it all.</l>
                    </lg>
                    <lg type="verse_paragraph">
                        <l>How came it to be you I sought,</l>
                        <l rend="ti-1">In the wide realm of sleep?</l>
                        <l>Remote from all my waking thought,</l>
                        <l rend="ti-1">As the two ways we keep</l>
                        <l>Are distant, with dark growths between,</l>
                        <l>Making each day a surer screen.</l>
                    </lg>
                    <pb n="60" xml:id="VAB7161-053"/>
                    <lg type="verse_paragraph">
                        <l>And now you draw me with a spell</l>
                        <l rend="ti-1">I have no power to break,</l>
                        <l>My lonely heart alone knows well</l>
                        <l rend="ti-1">How it must ache and ache:</l>
                        <l>I pray you do not pass to‐day,</l>
                        <l>Till I have dreamed my dream away!</l>
                    </lg>
                </div>
                <pb n="61" xml:id="VAB7161-054"/>
                <div type="poem">
                    <head>OCTOBER.</head>
                    <lg type="verse_paragraph">
                        <l><hi>FROM</hi> falling leaf to falling leaf,</l>
                        <l rend="ti-1">How strange it was, through all the year,</l>
                        <l>In all its joy and all its grief,</l>
                        <l rend="ti-1">You did not know I loved you dear;</l>
                        <l>Through all the winter‐time and spring,</l>
                        <l rend="ti-1">You smiled and watched me come and go,</l>
                        <l>Through all the summer blossoming,</l>
                        <l rend="ti-1">How strange it was you did not know!</l>
                    </lg>
                    <pb n="62" xml:id="VAB7161-055"/>
                    <lg type="verse_paragraph">
                        <l>Your face shone from my earth and sky,</l>
                        <l rend="ti-1">Your voice was in my heart always,</l>
                        <l>Days were as dreams when you were by,</l>
                        <l rend="ti-1">And nights of dreaming linked the days;</l>
                        <l>In my great joy I craved so much,</l>
                        <l rend="ti-1">My life lay trembling at your hand,</l>
                        <l>I prayed you for one magic touch,</l>
                        <l rend="ti-1">How strange you did not understand!</l>
                    </lg>
                    <lg type="verse_paragraph">
                        <l>From leaf to leaf, the trees are bare,</l>
                        <l rend="ti-1">The autumn wind is cold and stern,</l>
                        <l>And outlined in the clear sharp air,</l>
                        <l rend="ti-1">Lies a new world for me to learn;</l>
                        <l>Stranger than all dear friend, to‐day,</l>
                        <l rend="ti-1">You take my hand and do not know</l>
                        <l>A thousand years have passed away,</l>
                        <l rend="ti-1">Since last year—when I loved you so.</l>
                    </lg>
                </div>
                <pb n="63" xml:id="VAB7161-056"/>
                <div type="poem">
                    <head>IN SUMMER DAYS.</head>
                    <lg type="verse_paragraph">
                        <l><hi>IS</hi> it the sunshine on my eyes</l>
                        <l rend="ti-1">Such slumber throws,</l>
                        <l>Here as I sit, too tired to rise,</l>
                        <l rend="ti-1">They to unclose:</l>
                        <l>Here as I sit with work undone,</l>
                        <l>In the wind and sun?</l>
                    </lg>
                    <lg type="verse_paragraph">
                        <l>Is it the sunshine makes me weep,</l>
                        <l rend="ti-1">My little ones,</l>
                        <l>Makes me silently pray for sleep,</l>
                        <l rend="ti-1">As the day runs</l>
                        <l>From morn to noon and noon to night,</l>
                        <l>And the quiet star‐light?</l>
                    </lg>
                    <pb n="64" xml:id="VAB7161-057"/>
                    <lg type="verse_paragraph">
                        <l>Ah sun and wind, so strong and good,</l>
                        <l rend="ti-1">That lap me round</l>
                        <l>With all the sweetness of the wood</l>
                        <l rend="ti-1">From tree and ground;</l>
                        <l>You make no cheeks with sorrow wet,</l>
                        <l>And no sad eyes set.</l>
                    </lg>
                    <lg type="verse_paragraph">
                        <l>I weep for one short hour to sing,</l>
                        <l rend="ti-1">In all the day,</l>
                        <l>The happy fancies I would bring</l>
                        <l rend="ti-1">The children’s play;</l>
                        <l>To give the gifts they ask of me,</l>
                        <l>Which should be so free.</l>
                    </lg>
                    <lg type="verse_paragraph">
                        <l>My hand to take when sights are new,</l>
                        <l rend="ti-1">And strange thoughts grow,</l>
                        <pb n="65" xml:id="VAB7161-058"/>
                        <l>My heart to lean on, with the few</l>
                        <l rend="ti-1">Child‐dreams I know;</l>
                        <l>My loving arms throughout the years</l>
                        <l>For their smiles and tears.</l>
                    </lg>
                    <lg type="verse_paragraph">
                        <l>And ever I go out and in</l>
                        <l rend="ti-1">More wearily,</l>
                        <l>With shrunken life so pale and thin,</l>
                        <l rend="ti-1">And drearily</l>
                        <l>I murmur that I must not stay,</l>
                        <l>For their grief or play.</l>
                    </lg>
                    <lg type="verse_paragraph">
                        <l>I must not stay, the hours are fleet,</l>
                        <l rend="ti-1">And much to do,</l>
                        <l>And much to earn for daily meat,</l>
                        <l rend="ti-1">The days all through,</l>
                        <l>To keep the little hard won nest</l>
                        <l>For the children’s rest.</l>
                    </lg>
                    <pb n="66" xml:id="VAB7161-059"/>
                    <lg type="verse_paragraph">
                        <l>Ah lady with the folded hands,</l>
                        <l rend="ti-1">You drive in state,</l>
                        <l>So close to where my baby stands</l>
                        <l rend="ti-1">Most desolate,</l>
                        <l>With folded hands you pass, each day,</l>
                        <l>And you look away!</l>
                    </lg>
                </div>
                <pb n="67" xml:id="VAB7161-060"/>
                <div type="poem">
                    <head>NOBODY IN TOWN.</head>
                    <lg type="verse_paragraph">
                        <l><hi>I STAND</hi> upon my island home,</l>
                        <l rend="ti-1">My island home in Regent Street,</l>
                        <l>And listen to the ceaseless foam</l>
                        <l rend="ti-1">Of traffic breaking at my feet:</l>
                        <l>The sky above is clear and sweet,</l>
                        <l rend="ti-1">The summer day is smiling down,</l>
                        <l>I muse upon it, and repeat</l>
                        <l rend="ti-1">That there is nobody in town.</l>
                    </lg>
                    <lg type="verse_paragraph">
                        <l>All day a living metronome</l>
                        <l rend="ti-1">Keeps up a firm relentless beat,</l>
                        <l>All day the little children roam</l>
                        <l rend="ti-1">Through airless alleys, in the heat;<pb n="68" xml:id="VAB7161-061"/></l>
                        <l>All day the men and women meet</l>
                        <l rend="ti-1">With tired eyes, and settled frown,</l>
                        <l>I marvel, in my safe retreat,</l>
                        <l rend="ti-1">That there is nobody in town.</l>
                    </lg>
                    <lg type="verse_paragraph">
                        <l>Ah world beneath the sky’s blue dome,</l>
                        <l rend="ti-1">In flannels white, and spotless gown,</l>
                        <l>Ah would that such a day might come,</l>
                        <l rend="ti-1">When there was nobody in town.</l>
                    </lg>
                </div>
                <pb n="69" xml:id="VAB7161-062"/>
                <div type="poem">
                    <head>A NOVEMBER ROSE.</head>
                    <lg type="verse_paragraph">
                        <l><hi>YOU</hi> came to see me yesterday,</l>
                        <l>And plucked a rose‐bud on your way,</l>
                        <l rend="ti-2">Do you remember?</l>
                    </lg>
                    <lg type="verse_paragraph">
                        <l>From the sweet bush beside your gate,</l>
                        <l>I did not know it bloomed as late</l>
                        <l rend="ti-2">As dull November.</l>
                    </lg>
                    <lg type="verse_paragraph">
                        <l>To‐day the world is grey and old,</l>
                        <l>Around me, with the fog and cold</l>
                        <l rend="ti-2">A dark night closes.</l>
                    </lg>
                    <pb n="70" xml:id="VAB7161-063"/>
                    <lg type="verse_paragraph">
                        <l>And I, with thoughts akin to tears,</l>
                        <l>Travel through many bygone years</l>
                        <l rend="ti-2">Marked by your roses.</l>
                    </lg>
                    <lg type="verse_paragraph">
                        <l>for blossoms all will soon be done,</l>
                        <l>My latter days are nearly won</l>
                        <l rend="ti-2">For quiet reflection.</l>
                    </lg>
                    <lg type="verse_paragraph">
                        <l>And I am tired, and you are sad,</l>
                        <l>For all the love you might have had,</l>
                        <l rend="ti-2">And sweet protection.</l>
                    </lg>
                    <lg type="verse_paragraph">
                        <l>But dear, from your November rose</l>
                        <l> To‐night a deeper memory grows,</l>
                        <l rend="ti-2">Than a friend’s or lover’s.</l>
                    </lg>
                    <pb n="71" xml:id="VAB7161-064"/>
                    <lg type="verse_paragraph">
                        <l>Deep as the knowledge is to be,</l>
                        <l>When my last slumber carefully</l>
                        <l rend="ti-2">The brown earth covers.</l>
                    </lg>
                </div>
                <pb n="72" xml:id="VAB7161-065"/>
                <div type="poem">
                    <head>A MODEL</head>
                    <lg type="verse_paragraph">
                        <l><hi>YEAR</hi> after year I sit for them,</l>
                        <l rend="ti-1">The boys and girls who come and go,</l>
                        <l>Although my beauty’s diadem</l>
                        <l rend="ti-1">Has lain for many seasons low.</l>
                    </lg>
                    <lg type="verse_paragraph">
                        <l>When first I came my hair was bright</l>
                        <l rend="ti-1">How hard, they said, to paint its gold,</l>
                        <l>How difficult to catch the light</l>
                        <l rend="ti-1">Which fell upon it, fold on fold.</l>
                    </lg>
                    <pb n="73" xml:id="VAB7161-066"/>
                    <lg type="verse_paragraph">
                        <l>How hard to give my happy youth</l>
                        <l rend="ti-1">In all its pride of white and red,</l>
                        <l>None would believe, in very truth,</l>
                        <l rend="ti-1">A maiden was so fair, they said.</l>
                    </lg>
                    <lg type="verse_paragraph">
                        <l>How could they know they gave to me</l>
                        <l rend="ti-1">The daily hope which made me fair,</l>
                        <l>Sweet promises of things to be,</l>
                        <l rend="ti-1">The happy things I was to share.</l>
                    </lg>
                    <lg type="verse_paragraph">
                        <l>The flowers painted round my face,</l>
                        <l rend="ti-1">The magic seas and skies above,</l>
                        <l>And many a far enchanted place</l>
                        <l rend="ti-1">Full of the summer time and love.</l>
                    </lg>
                    <pb n="74" xml:id="VAB7161-067"/>
                    <lg type="verse_paragraph">
                        <l>They set me in a fairy‐land,</l>
                        <l rend="ti-1">So much more real than they knew,</l>
                        <l>And I was slow to understand</l>
                        <l rend="ti-1">The pictures could not all come true.</l>
                    </lg>
                    <lg type="verse_paragraph">
                        <l>But one by one, they died somehow,</l>
                        <l rend="ti-1">The waking dreams which kept me glad,</l>
                        <l>And as I sat, they told me now,</l>
                        <l rend="ti-1">None would believe a maid so sad.</l>
                    </lg>
                    <lg type="verse_paragraph">
                        <l>They paint me still, but now I sit</l>
                        <l rend="ti-1">Just for my neck and shoulder lines,</l>
                        <l>And for the little lingering bit</l>
                        <l rend="ti-1">Of colour in my hair that shines.</l>
                    </lg>
                    <pb n="75" xml:id="VAB7161-068"/>
                    <lg type="verse_paragraph">
                        <l>And as a figure worn and strange</l>
                        <l rend="ti-1">Into their groups I sometimes stray,</l>
                        <l>To break the light, to mark their range</l>
                        <l rend="ti-1">Of sun and shade, of grave and gay.</l>
                    </lg>
                    <lg type="verse_paragraph">
                        <l>And evermore they come and go,</l>
                        <l rend="ti-1">With life and hope so sweet and high,</l>
                        <l>In all the world how should they know</l>
                        <l rend="ti-1">There is no one so tired as I!</l>
                    </lg>
                </div>
                <pb n="76" xml:id="VAB7161-069"/>
                <div type="poem">
                    <head>NEW YEAR CARD.</head>
                    <head type="sub">1892.</head>
                    <lg type="verse_paragraph">
                        <l><hi>GREETING</hi> dear friend, through shower and sun,</l>
                        <l>From me to you, since ’91</l>
                        <l>Is safely buried, dead and done.</l>
                    </lg>
                    <lg type="verse_paragraph">
                        <l>And a young year completely new,</l>
                        <l>Scarcely remarked by me or you,</l>
                        <l>Stretches before us—’92—</l>
                    </lg>
                    <lg type="verse_paragraph">
                        <l>To make or mar in, as may be,</l>
                        <l>To march through boldly, strong and free,</l>
                        <l>Or skulk in, until ’93.</l>
                    </lg>
                    <pb n="77" xml:id="VAB7161-070"/>
                    <lg type="verse_paragraph">
                        <l>Ah no, my New Year was not born</l>
                        <l>Of frost, or flourish of fog‐horn,</l>
                        <l>But of the fairest summer morn,</l>
                    </lg>
                    <lg type="verse_paragraph">
                        <l>And stretches onward without end,</l>
                        <l>Through all the years I have to spend,</l>
                        <l>Still, greeting all the same dear friend.</l>
                    </lg>
                </div>
                <pb n="78" xml:id="VAB7161-071"/>
                <div type="poem">
                    <head>A NOVICE.</head>
                    <head/>
                    <lg type="verse_paragraph">
                        <l><hi>WHAT</hi> is it, in these latter days,</l>
                        <l>Transfigures my domestic ways,</l>
                        <l>And round me, as a halo, plays?</l>
                        <l rend="ti-4">My cigarette.</l>
                    </lg>
                    <lg type="verse_paragraph">
                        <l>For me so daintily prepared,</l>
                        <l>No modern skill, or perfume, spared,</l>
                        <l>What would have happened had I dared</l>
                        <l rend="ti-4">To pass it yet?</l>
                    </lg>
                    <lg type="verse_paragraph">
                        <l>What else could lighten times of woe,</l>
                        <l>When some one says “I told you so,”</l>
                        <l>When all the servants, in a row,</l>
                        <l rend="ti-4">Give notices?</l>
                    </lg>
                    <pb n="79" xml:id="VAB7161-072"/>
                    <lg type="verse_paragraph">
                        <l>When the great family affairs</l>
                        <l>Demand the most gigantic cares,</l>
                        <l>And one is very ill upstairs,</l>
                        <l rend="ti-4">With poultices?</l>
                    </lg>
                    <lg type="verse_paragraph">
                        <l>What else could ease my aching head,</l>
                        <l>When, though I long to be in bed,</l>
                        <l>I settle steadily instead</l>
                        <l rend="ti-4">To my “accounts?”</l>
                    </lg>
                    <lg type="verse_paragraph">
                        <l>And while the house is slumbering,</l>
                        <l>Go over them like anything,</l>
                        <l>And find them ever varying,</l>
                        <l rend="ti-4">In their amounts!</l>
                    </lg>
                    <pb n="80" xml:id="VAB7161-073"/>
                    <lg type="verse_paragraph">
                        <l>Ah yes, the cook may spoil the broth,</l>
                        <l>The cream of life resolve to froth,</l>
                        <l>I cannot now, though very wroth,</l>
                        <l rend="ti-4">Distracted be;</l>
                    </lg>
                    <lg type="verse_paragraph">
                        <l>For as the smoke curls blue and thin</l>
                        <l>From my own lips, I first begin</l>
                        <l>To bathe my tired spirit in</l>
                        <l rend="ti-4">Philosophy.</l>
                    </lg>
                    <lg type="verse_paragraph">
                        <l>And sweetest healing on her pours,</l>
                        <l>Once more into the world she soars,</l>
                        <l>And sees it full of open doors,</l>
                        <l rend="ti-4">And helping hands.</l>
                    </lg>
                    <pb n="81" xml:id="VAB7161-074"/>
                    <lg type="verse_paragraph">
                        <l>In spite of those who, knocking, stay</l>
                        <l>At sullen portals day by day,</l>
                        <l>And weary at the long delay</l>
                        <l rend="ti-4">To their demands.</l>
                    </lg>
                    <lg type="verse_paragraph">
                        <l>The promised epoch, like a star,</l>
                        <l>Shines very bright and very far,</l>
                        <l>But nothing shall its lustre mar,</l>
                        <l rend="ti-4">Though distant yet.</l>
                    </lg>
                    <lg type="verse_paragraph">
                        <l>If I, in vain, must sit and wait,</l>
                        <l>To realize our future state,</l>
                        <l>I shall not be disconsolate,</l>
                        <l rend="ti-4">My cigarette!</l>
                    </lg>
                </div>
                <pb n="82" xml:id="VAB7161-075"/>
                <div type="poem">
                    <head>FROM THE SUBURBS</head>
                    <lg type="verse_paragraph">
                        <l><hi>IT</hi> rushes home, our own express,</l>
                        <l>So cheerfully, no one would guess</l>
                        <l rend="ti-4">The weight it carries</l>
                    </lg>
                    <lg type="verse_paragraph">
                        <l>Of tired husbands, back from town,</l>
                        <l>For each of whom, in festal gown,</l>
                        <l rend="ti-4">A fond wife tarries.</l>
                    </lg>
                    <lg type="verse_paragraph">
                        <l>For each of whom a better half,</l>
                        <l>At even, serves the fatted calf,</l>
                        <l rend="ti-4">In strange disguises,</l>
                    </lg>
                    <pb n="83" xml:id="VAB7161-076"/>
                    <lg type="verse_paragraph">
                        <l>At anxious boards of all degree,</l>
                        <l>Down to the simple “egg at tea,”</l>
                        <l rend="ti-4">Which love devises.</l>
                    </lg>
                    <lg type="verse_paragraph">
                        <l>For whom all day, disconsolate,</l>
                        <l>Deserted villas have to wait,</l>
                        <l rend="ti-4">Detached and Semi—</l>
                    </lg>
                    <lg type="verse_paragraph">
                        <l>Barred by their own affairs, which are</l>
                        <l>As hard to pass through as the far</l>
                        <l rend="ti-4">Famed Alpine Gemmi.</l>
                    </lg>
                    <lg type="verse_paragraph">
                        <l>Sometimes as I at leisure roam,</l>
                        <l>Admiring my suburban home, </l>
                        <l rend="ti-4">I wonder sadly</l>
                    </lg>
                    <pb n="84" xml:id="VAB7161-077"/>
                    <lg type="verse_paragraph">
                        <l>If men will always come and go</l>
                        <l>In these vast numbers, to and fro,</l>
                        <l rend="ti-4">So fast and madly.</l>
                    </lg>
                    <lg type="verse_paragraph">
                        <l>I muse on what the spell can be,</l>
                        <l>Which causes this activity:</l>
                        <l rend="ti-4">Who of our Sages</l>
                    </lg>
                    <lg type="verse_paragraph">
                        <l>The potent charm has meted out</l>
                        <l>To tall and thin, to short and stout,</l>
                        <l rend="ti-4">Of varying ages.</l>
                    </lg>
                    <lg type="verse_paragraph">
                        <l>I think, when other fancy flags,</l>
                        <l>The magic lies within the bags</l>
                        <l rend="ti-4">Which journey ever</l>
                    </lg>
                    <pb n="85" xml:id="VAB7161-078"/>
                    <lg type="verse_paragraph">
                        <l>In silent, black mysterious ways,</l>
                        <l>With punctual owners, all their days</l>
                        <l rend="ti-4">And fail them never.</l>
                    </lg>
                    <lg type="verse_paragraph">
                        <l>In some perhaps sweet flowers lie,</l>
                        <l>Sweet flowers which shape a destiny</l>
                        <l rend="ti-4">To pain or pleasure,</l>
                    </lg>
                    <lg type="verse_paragraph">
                        <l>Or lady’s glove, or ringlet bright,</l>
                        <l>Or many another keepsake light,</l>
                        <l rend="ti-4">Which true knights treasure.</l>
                    </lg>
                    <lg type="verse_paragraph">
                        <l>May be—may be—Romance is rife,</l>
                        <l>Despite our busy bustling life,</l>
                        <l rend="ti-4">And rules us gaily,</l>
                    </lg>
                    <pb n="86" xml:id="VAB7161-079"/>
                    <lg type="verse_paragraph">
                        <l>And shows no sign of weariness,</l>
                        <l>But in our very own express,</l>
                        <l rend="ti-4">Does travel daily.</l>
                    </lg>
                </div>
                <pb n="87" xml:id="VAB7161-080"/>
                <div type="poem">
                    <head>FROM OUR EMANCIPATED AUNT IN TOWN.</head>
                    <lg type="verse_paragraph">
                        <l><hi>ALL</hi> has befallen as I say,</l>
                        <l>The old régime has passed away,</l>
                        <l rend="ti-3">And quite a new one</l>
                    </lg>
                    <lg type="verse_paragraph">
                        <l>Is being fashioned in a fire,</l>
                        <l>The fervours of whose burning tire</l>
                        <l rend="ti-3">And quite undo one.</l>
                    </lg>
                    <lg type="verse_paragraph">
                        <l>The fairy prince has passed from sight,</l>
                        <l>Away into the <foreign xml:lang="ger">ewigkeit</foreign>,</l>
                        <l rend="ti-3">With best intention</l>
                    </lg>
                    <pb n="88" xml:id="VAB7161-081"/>
                    <lg type="verse_paragraph">
                        <l>I served him, as you know my dears,</l>
                        <l>Unfalteringly through more years</l>
                        <l rend="ti-3">Than ladies mention.</l>
                    </lg>
                    <lg type="verse_paragraph">
                        <l>And though the fairy prince has gone,</l>
                        <l>With all the props I leaned upon,</l>
                        <l rend="ti-3">And I am stranded,</l>
                    </lg>
                    <lg type="verse_paragraph">
                        <l>With old ideals blown away,</l>
                        <l>And all opinions, in the fray,</l>
                        <l rend="ti-3">Long since disbanded.</l>
                    </lg>
                    <lg type="verse_paragraph">
                        <l>And though he’s only left to me,</l>
                        <l>Of course quite inadvertently,</l>
                        <l rend="ti-3">The faintest glimmer</l>
                    </lg>
                    <pb n="89" xml:id="VAB7161-082"/>
                    <lg type="verse_paragraph">
                        <l>Of humour, to illume my way,</l>
                        <l>I’m thankful he has had his day,</l>
                        <l rend="ti-3">His shine and shimmer.</l>
                    </lg>
                    <lg type="verse_paragraph">
                        <l><foreign xml:lang="fre">Le roi est mort</foreign>—but what’s to
                            come?—</l>
                        <l>Surcharged the air is with the hum</l>
                        <l rend="ti-3">Of startling changes,</l>
                    </lg>
                    <lg type="verse_paragraph">
                        <l>And our great “question” is per force</l>
                        <l>The vital one, o’er what a course</l>
                        <l rend="ti-3">It boldly ranges!</l>
                    </lg>
                    <lg type="verse_paragraph">
                        <l>Strange gentlemen to me express</l>
                        <l>At quiet “at homes” their willingness,</l>
                        <l rend="ti-3">To ease our fetters</l>
                    </lg>
                    <pb n="90" xml:id="VAB7161-083"/>
                    <lg type="verse_paragraph">
                        <l>And ladies, in a fleeting car,</l>
                        <l>Will tell me that the moderns are</l>
                        <l rend="ti-3">My moral betters.</l>
                    </lg>
                    <lg type="verse_paragraph">
                        <l>My knees I know are much too weak</l>
                        <l>To mount the high and shaky peak</l>
                        <l rend="ti-3">Of latest ethics,</l>
                    </lg>
                    <lg type="verse_paragraph">
                        <l>I’m tabulated, and I stand</l>
                        <l>By evolution, in a band</l>
                        <l rend="ti-3">Of poor pathetics</l>
                    </lg>
                    <lg type="verse_paragraph">
                        <l>Who cannot go alone, who cling</l>
                        <l>To many a worn out tottering thing</l>
                        <l rend="ti-3">Of a convention;</l>
                    </lg>
                    <pb n="91" xml:id="VAB7161-084"/>
                    <lg type="verse_paragraph">
                        <l>To many a prejudice and hope,</l>
                        <l>And to the old proverbial rope</l>
                        <l rend="ti-3">Of long dimension.</l>
                    </lg>
                    <lg type="verse_paragraph">
                        <l>It is to you to whom I look</l>
                        <l>To beautify our history book,</l>
                        <l rend="ti-3">For coming readers,</l>
                    </lg>
                    <lg type="verse_paragraph">
                        <l>To you my nieces, who must face</l>
                        <l>Our right and wrong, and take your place</l>
                        <l rend="ti-3">As future leaders.</l>
                    </lg>
                    <lg type="verse_paragraph">
                        <l>And I, meanwhile, shall still pursue</l>
                        <l>All that is weird and wild and new,</l>
                        <l rend="ti-3">In song and ballet,</l>
                    </lg>
                    <pb n="92" xml:id="VAB7161-085"/>
                    <lg type="verse_paragraph">
                        <l>In lecture, drama, verse and prose,</l>
                        <l>With every cult that comes and goes</l>
                        <l rend="ti-3">Your aunt will dally.</l>
                    </lg>
                    <lg type="verse_paragraph">
                        <l>A microscopic analyst</l>
                        <l>Of female hearts, she will subsist</l>
                        <l rend="ti-3">On queerest notions,</l>
                    </lg>
                    <lg type="verse_paragraph">
                        <l>And subtlest views of maid and wife</l>
                        <l>Ever engaged in deadly strife</l>
                        <l rend="ti-3">With the emotions.</l>
                    </lg>
                    <lg type="verse_paragraph">
                        <l>But while you walk, and smile at her,</l>
                        <l>In quiet lanes, which you prefer</l>
                        <l rend="ti-3">To public meetings,</l>
                    </lg>
                    <pb n="93" xml:id="VAB7161-086"/>
                    <lg type="verse_paragraph">
                        <l>Remember she prepares your way,</l>
                        <l>With many another Aunt to‐day,</l>
                        <l rend="ti-3">And send her greetings.</l>
                    </lg>
                </div>
            </div>
        </body>
        <pb n="94" xml:id="VAB7161-087"/>
        <back>
            <div type="docImprint">
                <bibl>
                    <publisher>PRINTED BY TURNBULL AND SPEARS</publisher>
                    <pubPlace>EDINBURGH</pubPlace>
                </bibl>
            </div>
        </back>
    </text>
</TEI>